area_sqft,location,bedrooms,bathrooms,age_years,garage_spaces,lot_size_sqft,has_basement,overall_quality,distance_to_city_center_km,price
1998.0,Suburb,1,3.0,51,1.0,6718.0,Yes,5,0.48,372631.0
1124.0,Suburb,3,3.0,73,1.0,6387.0,Yes,9,3.08,286764.0
2288.0,Downtown,2,4.0,6,3.0,1000.0,Yes,10,30.79,497931.0
2411.0,Downtown,4,1.0,19,3.0,,Yes,6,12.52,416533.0
532.0,Urban Fringe,1,2.0,23,1.0,5873.0,No,3,5.66,139295.0
954.0,Suburb,2,1.0,72,2.0,5108.0,Yes,1,0.2,208109.0
1883.0,Suburb,5,3.0,45,2.0,6618.0,Yes,8,3.4,356990.0
1594.0,Downtown,4,3.0,48,2.0,8824.0,Yes,6,2.86,356456.0
1789.0,Suburb,3,4.0,58,2.0,,Yes,2,23.34,300426.0
1246.0,Suburb,3,2.0,24,3.0,3356.0,No,1,0.2,204683.0
2372.0,Rural,3,1.0,64,3.0,6812.0,Yes,10,0.2,390979.0
2306.0,Suburb,1,4.0,2,3.0,5183.0,Yes,4,8.79,402223.0
1843.0,Urban Fringe,1,3.0,10,0.0,5610.0,Yes,4,1.1,341884.0
2533.0,Urban Fringe,2,4.0,73,1.0,5271.0,No,7,3.84,397842.0
2104.0,Downtown,5,2.0,59,1.0,11605.0,Yes,4,0.77,423749.0
1241.0,Downtown,3,2.0,15,2.0,1000.0,No,10,1.6,333984.0
2040.0,Downtown,3,2.0,39,2.0,5029.0,Yes,7,3.32,368495.0
1177.0,Rural,3,3.0,4,,5991.0,Yes,4,7.38,287341.0
2371.0,Downtown,6,1.0,60,1.0,4047.0,No,3,10.86,314596.0
1768.0,Urban Fringe,4,4.0,68,1.0,8250.0,Yes,9,6.5,307065.0
1680.0,Urban Fringe,1,1.0,25,1.0,8033.0,Yes,6,0.2,308719.0
1357.0,Urban Fringe,1,2.0,31,3.0,,No,10,4.02,330326.0
2595.0,Suburb,3,2.0,21,1.0,5323.0,Yes,4,1.44,398599.0
1700.0,Urban Fringe,3,3.0,35,,5720.0,Yes,1,1.51,292557.0
1522.0,Downtown,4,3.0,24,3.0,5738.0,No,9,5.06,328709.0
1571.0,Suburb,4,4.0,22,0.0,5804.0,Yes,3,10.68,285529.0
2146.0,Suburb,5,4.0,38,2.0,5530.0,Yes,9,1.97,363204.0
2038.0,Urban Fringe,4,1.0,77,3.0,6631.0,Yes,8,12.19,352966.0
2068.0,Suburb,3,1.0,68,1.0,7883.0,No,3,10.82,240000.0
2080.0,Urban Fringe,4,4.0,26,1.0,2924.0,Yes,8,20.7,327506.0
3192.0,Downtown,4,2.0,84,1.0,3373.0,Yes,1,15.73,432098.0
1536.0,Urban Fringe,4,1.0,18,0.0,1629.0,No,4,5.73,275236.0
1467.0,Suburb,2,4.0,81,0.0,8166.0,No,4,1.76,249423.0
1271.0,Suburb,3,3.0,27,0.0,6626.0,No,7,9.11,289413.0
2200.0,Urban Fringe,2,1.0,48,1.0,7263.0,Yes,6,24.37,329564.0
2534.0,Suburb,5,4.0,18,2.0,2426.0,Yes,7,16.32,422027.0
1726.0,Suburb,4,3.0,68,0.0,10462.0,Yes,5,3.07,284071.0
1254.0,Suburb,3,3.0,28,3.0,4478.0,No,8,28.98,287945.0
1264.0,Downtown,3,4.0,78,2.0,6421.0,Yes,2,2.11,290964.0
2223.0,Suburb,4,2.0,7,0.0,8136.0,No,8,6.15,416327.0
2283.0,Downtown,1,2.0,45,3.0,3533.0,Yes,1,5.11,359253.0
2153.0,Downtown,4,3.0,14,0.0,4634.0,No,1,15.62,313324.0
1367.0,Urban Fringe,3,1.0,80,2.0,6448.0,No,8,4.75,264609.0
1951.0,Suburb,1,1.0,37,1.0,13144.0,Yes,2,10.58,293352.0
1876.0,Suburb,1,4.0,60,2.0,6753.0,No,8,3.88,323547.0
1942.0,Suburb,2,1.0,79,3.0,,No,2,1.69,266441.0
2366.0,Suburb,6,3.0,48,3.0,9014.0,Yes,2,12.83,352306.0
1945.0,Rural,4,2.0,5,1.0,6920.0,Yes,10,5.92,385418.0
2241.0,Urban Fringe,6,1.0,19,2.0,3527.0,No,2,12.98,276081.0
1844.0,Urban Fringe,5,3.0,19,3.0,8649.0,Yes,10,6.04,368744.0
1988.0,Suburb,4,4.0,82,2.0,2255.0,Yes,4,3.35,312532.0
2210.0,Suburb,5,2.0,81,3.0,10002.0,Yes,8,3.9,434791.0
853.0,Suburb,2,1.0,42,1.0,,No,10,37.19,229610.0
1592.0,Suburb,1,1.0,80,1.0,1000.0,Yes,2,17.12,162444.0
1494.0,Suburb,3,1.0,22,2.0,5149.0,No,4,15.4,290665.0
1385.0,Rural,3,4.0,61,3.0,7635.0,Yes,6,11.65,292482.0
1621.0,Suburb,2,2.0,35,3.0,5407.0,Yes,9,1.45,309523.0
2772.0,Suburb,2,2.0,21,2.0,7788.0,No,2,8.26,292316.0
1237.0,Suburb,1,1.0,22,2.0,3875.0,Yes,2,5.59,221328.0
2429.0,Suburb,5,2.0,37,2.0,2735.0,Yes,4,7.52,408934.0
706.0,Downtown,2,4.0,30,1.0,5821.0,Yes,3,4.23,273152.0
1582.0,Downtown,4,2.0,19,1.0,6079.0,No,3,16.06,284789.0
1906.0,Rural,3,3.0,30,1.0,5129.0,Yes,2,11.03,317665.0
2181.0,Suburb,4,1.0,11,3.0,9068.0,Yes,9,8.1,344696.0
2262.0,Suburb,6,,87,,3874.0,Yes,8,3.8,356066.0
2316.0,Suburb,4,3.0,34,3.0,6783.0,Yes,2,5.01,353997.0
1573.0,Urban Fringe,2,1.0,9,0.0,6170.0,Yes,6,7.66,311494.0
1499.0,Suburb,3,2.0,51,3.0,,Yes,7,0.2,332461.0
2358.0,Urban Fringe,5,2.0,79,,2702.0,Yes,7,5.68,388344.0
1676.0,Urban Fringe,3,1.0,32,3.0,6030.0,Yes,10,10.8,297851.0
971.0,Suburb,2,3.0,76,1.0,10953.0,No,7,13.02,243376.0
1063.0,Rural,3,4.0,54,1.0,7448.0,No,7,4.31,237729.0
1202.0,Downtown,1,1.0,66,0.0,1686.0,Yes,1,3.95,172419.0
2123.0,Urban Fringe,5,4.0,26,3.0,1000.0,Yes,1,30.62,251617.0
1893.0,Suburb,3,3.0,3,2.0,7833.0,Yes,7,1.48,408761.0
2249.0,Urban Fringe,4,3.0,31,3.0,5759.0,No,10,4.97,398400.0
1522.0,Suburb,2,1.0,83,0.0,8853.0,Yes,4,5.04,209810.0
1903.0,Downtown,3,4.0,71,0.0,3798.0,Yes,7,8.31,357444.0
2207.0,Downtown,2,1.0,70,3.0,6876.0,Yes,3,6.96,359324.0
1599.0,Rural,1,4.0,79,0.0,8115.0,Yes,5,6.95,239499.0
2097.0,Suburb,5,3.0,33,2.0,4881.0,Yes,8,3.76,350759.0
1370.0,Downtown,1,2.0,28,1.0,4935.0,Yes,7,11.37,354166.0
1564.0,Rural,3,1.0,83,3.0,6063.0,No,2,13.0,213184.0
1552.0,Urban Fringe,2,3.0,51,3.0,7357.0,No,9,12.55,294592.0
1023.0,Suburb,1,1.0,26,3.0,5964.0,No,10,4.95,260595.0
2117.0,Suburb,3,3.0,25,1.0,8435.0,No,5,7.25,362299.0
1495.0,Downtown,4,4.0,78,2.0,4845.0,Yes,4,2.16,291774.0
1808.0,Urban Fringe,5,2.0,4,2.0,2679.0,No,6,7.33,334396.0
2112.0,Suburb,3,1.0,5,3.0,10942.0,No,9,7.26,355476.0
2090.0,Urban Fringe,4,1.0,66,0.0,4488.0,No,5,4.64,289422.0
2233.0,Suburb,6,1.0,0,3.0,4579.0,No,1,26.93,291574.0
1736.0,Suburb,2,1.0,15,1.0,5835.0,Yes,1,2.42,244884.0
1525.0,Suburb,4,1.0,89,0.0,6168.0,Yes,9,0.4,330461.0
1748.0,Downtown,1,3.0,38,2.0,5033.0,Yes,8,25.33,352975.0
703.0,Urban Fringe,2,2.0,65,3.0,5956.0,Yes,8,15.57,206781.0
859.0,Suburb,2,4.0,43,0.0,5901.0,Yes,2,1.16,168934.0
940.0,Suburb,1,4.0,8,0.0,6437.0,Yes,2,4.43,214421.0
1152.0,Urban Fringe,3,4.0,16,3.0,1000.0,Yes,4,1.42,274347.0
2060.0,Urban Fringe,5,3.0,68,3.0,10702.0,No,3,6.99,326582.0
1211.0,Urban Fringe,3,2.0,8,0.0,5632.0,No,4,1.32,193131.0
1554.0,Downtown,4,4.0,53,3.0,7452.0,No,6,7.75,353960.0
2644.0,Suburb,5,1.0,31,3.0,2555.0,Yes,3,2.95,400748.0
1568.0,Urban Fringe,4,2.0,33,3.0,4822.0,No,2,21.22,275829.0
2279.0,Suburb,5,2.0,85,0.0,4319.0,No,5,4.86,305574.0
1193.0,Downtown,3,3.0,54,2.0,9674.0,No,8,7.87,267532.0
1666.0,Urban Fringe,1,3.0,55,3.0,4535.0,No,7,2.81,265722.0
1182.0,Suburb,3,4.0,31,3.0,7895.0,Yes,4,5.05,259525.0
1580.0,Suburb,4,4.0,34,2.0,4374.0,Yes,4,0.41,334806.0
2346.0,Urban Fringe,6,2.0,61,0.0,4868.0,No,6,2.64,267065.0
677.0,Rural,1,4.0,3,0.0,5386.0,No,2,6.72,144658.0
2082.0,Suburb,2,1.0,21,1.0,9210.0,Yes,9,2.31,419781.0
1955.0,Suburb,3,4.0,54,0.0,1275.0,Yes,9,1.36,360305.0
1414.0,Suburb,2,1.0,56,0.0,2711.0,Yes,1,0.27,231646.0
860.0,Downtown,1,4.0,8,0.0,1132.0,Yes,10,3.93,279256.0
1847.0,Urban Fringe,5,2.0,70,3.0,3281.0,No,1,16.23,206181.0
1456.0,Urban Fringe,4,4.0,48,2.0,3971.0,No,5,9.91,306225.0
1951.0,Suburb,5,1.0,21,2.0,1964.0,Yes,7,27.36,336786.0
1814.0,Suburb,5,2.0,67,3.0,4165.0,Yes,4,9.84,307525.0
2841.0,Urban Fringe,4,4.0,89,1.0,1000.0,Yes,3,3.64,331538.0
1644.0,Downtown,4,1.0,38,1.0,3455.0,Yes,1,15.4,285056.0
1135.0,Suburb,3,2.0,25,0.0,9001.0,Yes,8,11.27,255578.0
1917.0,Suburb,4,1.0,26,1.0,7009.0,No,1,5.1,317589.0
1943.0,Rural,4,2.0,53,0.0,6469.0,No,5,40.33,318005.0
2683.0,Downtown,2,2.0,4,2.0,3493.0,Yes,4,24.43,435577.0
2343.0,Rural,5,3.0,43,3.0,2160.0,No,10,1.0,365266.0
2032.0,Suburb,5,2.0,2,2.0,3152.0,No,10,25.09,307702.0
2751.0,Rural,5,1.0,3,1.0,5892.0,Yes,9,6.55,366977.0
1027.0,Downtown,2,1.0,38,2.0,8170.0,No,8,8.06,312818.0
1384.0,Suburb,2,4.0,67,3.0,8256.0,No,6,11.46,252734.0
1198.0,Suburb,1,4.0,79,1.0,7577.0,No,4,1.38,218783.0
1547.0,Suburb,4,1.0,7,1.0,4156.0,Yes,2,5.95,289877.0
905.0,Downtown,2,1.0,21,,6061.0,Yes,10,1.48,337946.0
2213.0,Downtown,5,1.0,37,0.0,5197.0,Yes,4,4.52,371322.0
1656.0,Suburb,4,4.0,51,3.0,5497.0,Yes,5,0.8,319926.0
844.0,Downtown,2,3.0,88,1.0,11093.0,Yes,2,4.95,221073.0
1140.0,Urban Fringe,3,4.0,61,1.0,1595.0,No,3,1.65,196018.0
2004.0,Suburb,5,2.0,48,2.0,5413.0,Yes,7,5.75,344128.0
2345.0,Urban Fringe,2,3.0,5,0.0,9029.0,Yes,5,8.47,386435.0
3098.0,Urban Fringe,6,1.0,7,0.0,2335.0,No,6,22.83,425866.0
3694.0,Downtown,1,3.0,13,0.0,4391.0,Yes,3,7.31,600934.0
2069.0,Rural,4,3.0,59,1.0,4677.0,Yes,1,8.75,280549.0
1157.0,Urban Fringe,3,2.0,29,2.0,5442.0,No,9,0.2,300726.0
414.0,Rural,1,3.0,21,0.0,2010.0,Yes,5,7.7,121368.0
1974.0,Suburb,5,3.0,60,1.0,7488.0,Yes,4,4.31,349720.0
1272.0,Suburb,1,2.0,73,3.0,7666.0,No,3,7.13,199605.0
1530.0,Downtown,4,1.0,39,3.0,7271.0,Yes,7,2.12,362074.0
1402.0,Suburb,4,1.0,79,0.0,3824.0,Yes,6,4.32,266249.0
1708.0,Urban Fringe,4,4.0,66,2.0,6216.0,Yes,4,16.97,289642.0
2493.0,Urban Fringe,6,2.0,64,0.0,3751.0,No,10,7.67,466884.0
1902.0,Downtown,3,2.0,78,2.0,5169.0,Yes,10,13.28,414074.0
1697.0,Rural,4,3.0,16,3.0,11384.0,No,2,5.61,310520.0
1127.0,Suburb,3,2.0,68,3.0,6239.0,Yes,7,1.12,280945.0
711.0,Urban Fringe,2,2.0,86,0.0,3031.0,No,10,0.2,220924.0
1484.0,Downtown,1,3.0,89,1.0,6451.0,Yes,5,5.49,254478.0
1765.0,Urban Fringe,2,3.0,52,3.0,2621.0,Yes,1,6.65,297148.0
2949.0,Urban Fringe,1,3.0,67,3.0,3002.0,Yes,2,3.03,336902.0
1885.0,Downtown,5,1.0,79,1.0,3397.0,No,7,6.34,320610.0
2439.0,Downtown,2,2.0,76,0.0,4889.0,Yes,10,12.26,429317.0
1475.0,Urban Fringe,2,2.0,80,1.0,8342.0,Yes,2,4.52,251760.0
1030.0,Downtown,2,3.0,74,2.0,7446.0,Yes,6,9.99,248192.0
1173.0,Suburb,3,1.0,34,1.0,7307.0,Yes,5,24.91,221931.0
1329.0,Urban Fringe,1,1.0,65,3.0,3253.0,No,3,14.11,190670.0
3184.0,Suburb,1,4.0,36,3.0,4647.0,Yes,7,3.93,470883.0
1266.0,Suburb,2,3.0,72,3.0,6680.0,Yes,9,2.08,314892.0
2345.0,Suburb,6,4.0,72,0.0,4429.0,Yes,3,6.44,462312.0
1213.0,Downtown,3,2.0,84,3.0,5304.0,Yes,1,15.95,241950.0
2406.0,Urban Fringe,6,4.0,52,3.0,7103.0,Yes,4,8.88,365631.0
2050.0,Suburb,2,2.0,42,1.0,5128.0,Yes,4,21.59,267680.0
1698.0,Downtown,3,3.0,14,2.0,6565.0,Yes,8,22.86,369158.0
1774.0,Suburb,1,1.0,57,3.0,9982.0,No,6,5.33,270716.0
1374.0,Urban Fringe,3,4.0,50,3.0,5570.0,Yes,1,12.24,252518.0
2090.0,Downtown,4,2.0,46,2.0,8948.0,No,4,5.39,382067.0
1504.0,Urban Fringe,4,4.0,60,0.0,7398.0,Yes,8,0.2,302845.0
1003.0,Rural,2,2.0,76,2.0,2332.0,Yes,5,44.89,177461.0
969.0,Urban Fringe,2,4.0,13,2.0,3245.0,Yes,6,7.26,239983.0
1912.0,Urban Fringe,4,2.0,38,0.0,3916.0,Yes,3,5.23,288888.0
2826.0,Urban Fringe,2,1.0,65,3.0,3863.0,No,4,0.73,380682.0
1904.0,Urban Fringe,5,1.0,73,0.0,5774.0,No,2,2.39,279574.0
1723.0,Downtown,3,3.0,70,3.0,7537.0,No,1,2.58,335885.0
1986.0,Urban Fringe,1,1.0,71,2.0,9138.0,No,1,9.85,254309.0
2649.0,Suburb,6,2.0,76,1.0,6770.0,Yes,7,16.98,434849.0
1943.0,Suburb,5,3.0,86,0.0,4886.0,Yes,2,0.6,275174.0
1533.0,Urban Fringe,1,2.0,54,0.0,1000.0,No,6,8.11,256112.0
2519.0,Urban Fringe,6,1.0,22,2.0,6176.0,Yes,10,0.77,469188.0
2079.0,Rural,5,3.0,50,1.0,6064.0,Yes,7,3.27,382220.0
2798.0,Suburb,5,3.0,63,3.0,6457.0,No,6,41.65,333513.0
1919.0,Suburb,2,3.0,9,0.0,11266.0,No,2,7.99,286136.0
1004.0,Suburb,2,4.0,68,3.0,9101.0,No,5,5.62,254933.0
911.0,Suburb,2,1.0,48,3.0,7963.0,Yes,9,17.55,195229.0
2873.0,Suburb,4,2.0,84,0.0,3595.0,No,4,9.74,379090.0
2920.0,Downtown,4,1.0,19,2.0,4718.0,Yes,9,2.34,539198.0
1683.0,Downtown,4,4.0,81,3.0,5763.0,Yes,8,6.63,357370.0
1551.0,Urban Fringe,4,3.0,40,1.0,4061.0,Yes,3,6.85,259114.0
2750.0,Suburb,5,1.0,51,0.0,7251.0,No,2,6.93,322395.0
1080.0,Urban Fringe,3,3.0,59,3.0,6892.0,No,1,3.27,188105.0
1218.0,Rural,1,1.0,52,1.0,3279.0,No,3,8.65,146328.0
2218.0,Downtown,1,2.0,81,0.0,8992.0,Yes,4,4.53,326555.0
1544.0,Downtown,4,3.0,15,3.0,6256.0,Yes,7,20.03,348702.0
1797.0,Suburb,5,3.0,65,2.0,1677.0,Yes,6,2.52,319238.0
1694.0,Urban Fringe,4,4.0,87,0.0,5872.0,No,5,8.93,261228.0
2019.0,Suburb,2,3.0,19,1.0,6703.0,Yes,8,8.52,425194.0
2715.0,Suburb,5,4.0,22,0.0,8432.0,Yes,8,3.73,453726.0
1859.0,Urban Fringe,1,3.0,42,3.0,5156.0,No,8,1.66,336602.0
2219.0,Urban Fringe,3,1.0,65,0.0,8070.0,Yes,9,0.72,338498.0
467.0,Suburb,1,1.0,86,3.0,6468.0,No,4,8.15,118682.0
1768.0,Downtown,1,4.0,71,2.0,2712.0,Yes,9,4.36,321893.0
1252.0,Downtown,3,1.0,71,2.0,2462.0,No,5,5.06,220657.0
1008.0,Downtown,2,2.0,39,3.0,8806.0,Yes,2,4.01,234857.0
1229.0,Downtown,2,1.0,58,3.0,8990.0,Yes,2,1.11,267644.0
1583.0,Suburb,4,2.0,19,0.0,6807.0,Yes,1,4.88,299561.0
2395.0,Urban Fringe,1,3.0,41,0.0,9739.0,Yes,10,0.2,348548.0
938.0,Suburb,2,1.0,17,0.0,8642.0,No,2,3.67,182760.0
1820.0,Rural,4,2.0,2,2.0,7709.0,Yes,9,5.82,312717.0
1485.0,Suburb,3,4.0,77,2.0,3722.0,Yes,8,18.94,287556.0
1587.0,Urban Fringe,4,1.0,72,0.0,10329.0,No,5,1.1,282966.0
2452.0,Rural,2,1.0,45,0.0,7341.0,Yes,10,7.21,346723.0
2150.0,Urban Fringe,1,2.0,1,2.0,5035.0,No,10,3.49,377249.0
2669.0,Urban Fringe,4,4.0,8,2.0,4329.0,No,10,13.04,498478.0
1700.0,Suburb,4,2.0,10,1.0,6642.0,Yes,5,2.14,341909.0
1348.0,Downtown,3,3.0,64,3.0,,No,3,4.21,256261.0
1654.0,Suburb,1,1.0,18,3.0,7749.0,Yes,1,9.99,269797.0
1958.0,Suburb,5,3.0,22,3.0,3616.0,Yes,9,3.29,376511.0
1915.0,Urban Fringe,3,1.0,77,1.0,,Yes,9,12.66,323408.0
1095.0,Suburb,2,3.0,78,3.0,4696.0,No,6,0.53,246678.0
1859.0,Urban Fringe,4,1.0,68,2.0,5339.0,No,1,2.26,211678.0
1948.0,Suburb,2,4.0,27,2.0,,Yes,9,0.2,390399.0
3436.0,Downtown,6,2.0,52,1.0,5597.0,No,3,10.45,475586.0
3020.0,Suburb,2,1.0,18,3.0,10723.0,Yes,6,4.13,475569.0
1245.0,Rural,3,2.0,77,2.0,9463.0,No,7,6.97,239227.0
1613.0,Rural,4,1.0,7,0.0,6886.0,No,2,0.71,250786.0
849.0,Suburb,2,1.0,66,3.0,5937.0,No,1,6.76,150135.0
1416.0,Suburb,3,3.0,46,0.0,8111.0,No,1,2.53,260060.0
2005.0,Rural,1,2.0,68,2.0,8825.0,No,10,8.44,284413.0
2584.0,Downtown,4,,40,2.0,3925.0,Yes,10,2.78,430469.0
1326.0,Urban Fringe,3,4.0,14,2.0,5806.0,No,5,3.83,209857.0
1375.0,Downtown,3,1.0,67,0.0,1445.0,No,5,4.12,256133.0
404.0,Downtown,1,2.0,56,1.0,8808.0,No,5,44.69,140723.0
1694.0,Suburb,2,1.0,41,3.0,11163.0,Yes,4,15.79,300891.0
1109.0,Suburb,3,2.0,33,0.0,6200.0,No,6,0.2,206522.0
1456.0,Suburb,4,2.0,30,2.0,1000.0,Yes,4,3.27,263773.0
1230.0,Suburb,3,1.0,43,3.0,7522.0,Yes,7,17.37,277886.0
1739.0,Urban Fringe,1,1.0,23,3.0,3740.0,Yes,4,6.88,251906.0
657.0,Suburb,1,4.0,25,2.0,4342.0,Yes,7,10.25,239555.0
846.0,Suburb,2,1.0,25,1.0,7566.0,No,10,1.97,242038.0
3184.0,Suburb,2,4.0,1,2.0,6636.0,Yes,3,0.74,470134.0
963.0,Downtown,2,4.0,83,1.0,4780.0,No,1,2.34,222472.0
1087.0,Suburb,3,2.0,21,2.0,4376.0,No,6,25.4,255201.0
2994.0,Suburb,1,2.0,14,2.0,6315.0,Yes,2,6.56,411044.0
3688.0,Rural,5,4.0,13,2.0,4976.0,No,3,4.32,442985.0
1038.0,Downtown,2,4.0,88,0.0,3227.0,Yes,8,7.96,263845.0
1561.0,Urban Fringe,4,1.0,42,3.0,5169.0,No,5,9.05,282520.0
2022.0,Suburb,5,4.0,29,2.0,6849.0,No,6,9.1,341243.0
2924.0,Urban Fringe,1,4.0,36,3.0,,Yes,8,3.29,445938.0
1159.0,Suburb,3,1.0,7,2.0,2466.0,No,2,39.45,181967.0
1641.0,Downtown,2,1.0,28,3.0,8473.0,Yes,5,2.01,340229.0
2305.0,Urban Fringe,4,3.0,22,3.0,1000.0,Yes,1,16.67,297849.0
2083.0,Rural,5,1.0,72,3.0,4884.0,No,5,4.41,233477.0
1555.0,Urban Fringe,4,3.0,5,2.0,4450.0,Yes,3,6.93,307755.0
1713.0,Suburb,2,1.0,38,2.0,,No,10,7.87,349548.0
906.0,Rural,2,3.0,71,0.0,7404.0,Yes,3,1.41,129044.0
1645.0,Urban Fringe,3,1.0,75,1.0,8817.0,Yes,3,2.62,258847.0
1627.0,Rural,1,1.0,46,1.0,4219.0,No,1,8.55,211449.0
1951.0,Suburb,5,1.0,20,3.0,7466.0,Yes,2,13.58,338000.0
1439.0,Rural,1,1.0,30,2.0,6490.0,No,3,7.04,193850.0
2107.0,Rural,3,3.0,20,1.0,1721.0,Yes,3,19.42,260748.0
2458.0,Urban Fringe,4,1.0,59,0.0,10751.0,No,8,4.77,371983.0
1901.0,Suburb,1,4.0,26,2.0,2403.0,No,9,3.73,363466.0
2029.0,Suburb,5,3.0,56,1.0,7049.0,Yes,9,14.02,378050.0
1835.0,Urban Fringe,3,2.0,59,0.0,6975.0,Yes,10,0.34,333108.0
1800.0,Suburb,1,4.0,84,1.0,6689.0,Yes,9,13.49,294293.0
1331.0,Rural,3,3.0,33,3.0,4764.0,No,5,2.35,253734.0
2006.0,Suburb,4,3.0,86,0.0,8068.0,Yes,4,7.73,324269.0
1737.0,Suburb,4,1.0,36,1.0,2099.0,Yes,7,0.2,324353.0
3161.0,Rural,5,3.0,61,2.0,5835.0,No,4,3.15,406886.0
2823.0,Downtown,3,3.0,59,0.0,,Yes,7,22.91,494789.0
2051.0,Downtown,5,4.0,73,0.0,4307.0,Yes,10,9.58,395811.0
1304.0,Rural,3,2.0,42,3.0,7072.0,Yes,2,2.67,247681.0
1077.0,Rural,3,3.0,71,,8694.0,Yes,8,1.59,225828.0
2574.0,Urban Fringe,1,2.0,31,0.0,5142.0,No,10,4.09,428254.0
1971.0,Suburb,4,1.0,44,0.0,7952.0,No,6,1.9,357078.0
2112.0,Downtown,2,1.0,44,1.0,6124.0,No,4,17.24,320929.0
666.0,Urban Fringe,1,4.0,63,2.0,3768.0,No,3,8.3,183721.0
2403.0,Downtown,5,3.0,55,2.0,5355.0,Yes,2,8.14,408135.0
2095.0,Downtown,5,2.0,7,0.0,5251.0,Yes,4,18.31,354018.0
1078.0,Suburb,3,3.0,72,2.0,4258.0,No,8,7.97,240288.0
1494.0,Suburb,1,1.0,68,3.0,7071.0,No,6,40.36,251894.0
1971.0,Urban Fringe,1,1.0,9,0.0,6587.0,No,3,3.55,307723.0
1834.0,Urban Fringe,5,3.0,86,0.0,2023.0,Yes,6,7.57,264348.0
1610.0,Rural,3,3.0,59,3.0,1871.0,No,9,2.16,280707.0
1733.0,Downtown,1,4.0,7,2.0,7062.0,No,1,6.27,331442.0
1636.0,Suburb,2,4.0,44,,3962.0,No,1,4.52,254634.0
1899.0,Suburb,5,2.0,75,1.0,6755.0,No,10,1.58,414707.0
2756.0,Downtown,3,4.0,25,1.0,7952.0,Yes,8,2.51,505261.0
400.0,Suburb,1,2.0,83,0.0,2823.0,Yes,6,3.54,141435.0
1646.0,Suburb,4,4.0,37,0.0,2471.0,Yes,10,5.69,383307.0
1915.0,Downtown,2,1.0,20,1.0,10186.0,Yes,6,9.67,358654.0
1992.0,Suburb,3,1.0,32,0.0,6879.0,No,6,3.34,349911.0
1558.0,Rural,1,1.0,47,3.0,4952.0,Yes,3,2.05,182910.0
658.0,Downtown,1,4.0,61,2.0,3665.0,Yes,9,15.83,250444.0
2013.0,Suburb,3,1.0,83,3.0,4724.0,Yes,8,22.24,347445.0
2923.0,Urban Fringe,6,4.0,17,2.0,3024.0,No,3,4.86,481674.0
803.0,Rural,2,3.0,86,1.0,8209.0,Yes,8,4.84,177442.0
2361.0,Urban Fringe,2,1.0,47,2.0,4058.0,Yes,8,0.5,338438.0
1586.0,Suburb,1,4.0,11,0.0,8734.0,No,1,2.55,286049.0
1760.0,Urban Fringe,2,1.0,83,,4998.0,Yes,2,2.29,227236.0
1116.0,Suburb,3,1.0,31,2.0,3392.0,Yes,6,6.7,244782.0
1583.0,Suburb,1,3.0,55,0.0,4934.0,Yes,7,1.09,316124.0
2645.0,Downtown,3,2.0,62,2.0,1000.0,No,7,3.21,398944.0
2179.0,Suburb,6,2.0,1,2.0,5698.0,No,4,10.3,309874.0
2926.0,Suburb,5,1.0,19,0.0,5575.0,No,9,9.0,401116.0
2565.0,Suburb,4,3.0,61,0.0,8062.0,Yes,5,2.85,391120.0
2085.0,Urban Fringe,5,1.0,29,3.0,1284.0,No,3,1.14,257981.0
2934.0,Suburb,5,1.0,0,1.0,8905.0,No,2,3.1,405990.0
2085.0,Suburb,4,3.0,2,2.0,8051.0,Yes,9,5.69,379141.0
2338.0,Downtown,6,2.0,74,0.0,9130.0,Yes,8,6.18,475287.0
1607.0,Suburb,1,3.0,13,2.0,5868.0,Yes,5,0.77,369048.0
1843.0,Suburb,5,1.0,9,0.0,8535.0,No,3,3.71,281773.0
1347.0,Suburb,2,3.0,50,1.0,2322.0,Yes,1,14.9,222511.0
2443.0,Suburb,5,4.0,10,2.0,7783.0,Yes,2,23.18,357551.0
1034.0,Urban Fringe,2,2.0,58,1.0,,No,2,23.75,147643.0
2309.0,Urban Fringe,3,2.0,48,2.0,1871.0,No,6,0.69,396406.0
1676.0,Suburb,1,3.0,58,0.0,3190.0,No,2,21.06,213526.0
2561.0,Rural,3,3.0,44,1.0,6014.0,No,2,12.72,303585.0
2288.0,Urban Fringe,3,1.0,70,3.0,3939.0,Yes,3,8.34,278957.0
2983.0,Urban Fringe,6,3.0,58,1.0,6940.0,No,7,5.28,478608.0
2275.0,Rural,6,1.0,37,0.0,1479.0,Yes,5,2.21,222989.0
778.0,Urban Fringe,2,3.0,1,3.0,1000.0,Yes,2,7.14,192064.0
1756.0,Urban Fringe,5,4.0,24,3.0,9431.0,No,8,1.0,369273.0
1038.0,Urban Fringe,2,3.0,11,2.0,8260.0,Yes,5,0.5,248359.0
1463.0,Suburb,3,4.0,1,3.0,3377.0,Yes,2,20.13,306217.0
2782.0,Downtown,6,2.0,24,3.0,5993.0,No,7,2.24,526935.0
2214.0,Downtown,5,4.0,18,2.0,8549.0,Yes,10,18.61,428534.0
1346.0,Suburb,3,4.0,6,2.0,7048.0,Yes,6,1.43,373453.0
1141.0,Suburb,3,4.0,28,0.0,6371.0,No,2,2.4,205781.0
1821.0,Suburb,5,3.0,45,2.0,8738.0,No,4,1.66,361211.0
1009.0,Suburb,2,3.0,16,1.0,4173.0,No,6,4.34,250337.0
1364.0,Suburb,3,3.0,24,3.0,6078.0,Yes,10,15.56,321207.0
2003.0,Urban Fringe,1,4.0,1,1.0,5955.0,No,10,18.83,354417.0
2551.0,Downtown,1,4.0,4,3.0,5318.0,No,10,5.35,482944.0
2196.0,Suburb,1,2.0,14,2.0,5025.0,Yes,9,8.87,392654.0
400.0,Urban Fringe,1,1.0,40,2.0,6182.0,Yes,6,0.81,150885.0
1998.0,Urban Fringe,4,1.0,59,3.0,6086.0,Yes,7,0.74,331037.0
1847.0,Urban Fringe,5,1.0,70,1.0,3379.0,Yes,8,13.29,283802.0
2069.0,Urban Fringe,2,1.0,56,1.0,8004.0,Yes,8,4.17,298919.0
2851.0,Urban Fringe,5,1.0,55,1.0,3559.0,No,7,11.34,361270.0
459.0,Suburb,1,1.0,84,3.0,5454.0,No,2,4.32,94493.0
1416.0,Suburb,1,4.0,23,3.0,5262.0,Yes,9,6.18,323583.0
2184.0,Suburb,3,1.0,71,0.0,6895.0,No,1,7.78,284843.0
772.0,Rural,2,3.0,84,1.0,1000.0,Yes,5,4.9,150624.0
2759.0,Urban Fringe,6,2.0,51,,8227.0,Yes,5,4.03,477297.0
2039.0,Suburb,5,1.0,75,2.0,4308.0,No,10,4.0,289750.0
2350.0,Suburb,5,3.0,12,0.0,9050.0,Yes,1,1.17,387463.0
1429.0,Suburb,4,4.0,79,2.0,4805.0,No,5,9.68,266814.0
2329.0,Downtown,3,4.0,50,2.0,5878.0,Yes,4,1.32,435484.0
2495.0,Downtown,2,4.0,19,0.0,10784.0,Yes,1,1.87,435015.0
1951.0,Downtown,5,3.0,5,0.0,5307.0,Yes,3,4.35,375300.0
1952.0,Urban Fringe,1,3.0,64,2.0,9097.0,Yes,5,4.4,316561.0
1976.0,Suburb,2,1.0,38,1.0,6098.0,No,10,3.83,327098.0
1239.0,Urban Fringe,1,4.0,27,3.0,7039.0,No,4,13.94,258242.0
1704.0,Rural,3,3.0,35,3.0,6175.0,Yes,9,2.84,279000.0
1701.0,Downtown,2,2.0,89,3.0,8120.0,Yes,8,16.7,355372.0
2049.0,Downtown,2,2.0,38,2.0,4286.0,No,9,7.11,387627.0
2450.0,Urban Fringe,3,3.0,7,3.0,3540.0,No,9,6.52,399929.0
1112.0,Suburb,3,1.0,25,0.0,4404.0,Yes,8,7.59,256889.0
1719.0,Urban Fringe,4,4.0,13,1.0,6249.0,Yes,8,1.88,357111.0
2763.0,Downtown,5,2.0,61,0.0,5448.0,Yes,2,7.36,450540.0
1317.0,Rural,3,1.0,72,2.0,7776.0,Yes,8,13.19,305621.0
1266.0,Urban Fringe,3,2.0,75,2.0,9262.0,Yes,1,9.04,232754.0
1931.0,Suburb,3,4.0,56,1.0,,Yes,8,0.77,343267.0
2349.0,Suburb,6,2.0,69,1.0,4165.0,Yes,7,3.81,400831.0
1807.0,Urban Fringe,5,3.0,37,2.0,2409.0,Yes,8,0.22,369230.0
2664.0,Suburb,6,4.0,56,0.0,11076.0,Yes,7,3.58,416106.0
2357.0,Suburb,3,1.0,9,2.0,6762.0,No,4,1.24,324822.0
2347.0,Suburb,2,4.0,48,2.0,7200.0,No,4,4.93,358020.0
2160.0,Suburb,4,2.0,50,0.0,2649.0,Yes,6,0.26,371943.0
3313.0,Urban Fringe,6,3.0,2,0.0,5997.0,Yes,5,21.83,410620.0
1667.0,Urban Fringe,4,1.0,49,1.0,7273.0,Yes,4,3.14,258325.0
498.0,Suburb,1,1.0,65,2.0,5368.0,No,5,11.54,149637.0
2843.0,Urban Fringe,1,4.0,33,1.0,8689.0,No,6,1.99,416709.0
1502.0,Suburb,3,4.0,49,1.0,11780.0,Yes,3,10.17,323016.0
1870.0,Downtown,5,4.0,25,2.0,3632.0,No,7,3.44,361244.0
2651.0,Suburb,4,3.0,24,0.0,3445.0,No,4,7.67,462432.0
759.0,Urban Fringe,2,2.0,11,2.0,3806.0,No,3,21.94,140388.0
986.0,Downtown,2,1.0,29,0.0,10015.0,Yes,5,8.72,222049.0
759.0,Suburb,1,2.0,72,0.0,8606.0,Yes,2,1.14,162348.0
1284.0,Suburb,2,3.0,84,0.0,5661.0,No,7,17.94,205322.0
2086.0,Urban Fringe,5,2.0,57,1.0,6091.0,Yes,8,10.58,350586.0
2141.0,Downtown,2,2.0,56,0.0,3959.0,No,10,15.69,375036.0
1980.0,Suburb,5,1.0,55,3.0,8225.0,No,3,18.2,293615.0
882.0,Rural,1,2.0,42,1.0,5050.0,Yes,6,2.43,170560.0
400.0,Suburb,1,1.0,38,3.0,5350.0,Yes,6,3.19,185575.0
1835.0,Downtown,3,1.0,55,3.0,7522.0,Yes,8,11.49,358816.0
1493.0,Downtown,4,1.0,70,3.0,5530.0,Yes,7,0.46,356013.0
2099.0,Suburb,5,3.0,37,3.0,5413.0,No,9,3.03,391543.0
2256.0,Suburb,4,2.0,50,0.0,6026.0,No,9,3.46,346477.0
1890.0,Urban Fringe,4,1.0,42,1.0,7988.0,Yes,2,16.11,228754.0
2294.0,Rural,5,3.0,25,2.0,10116.0,No,4,22.79,326700.0
1949.0,Rural,4,1.0,26,2.0,7464.0,Yes,7,1.27,290613.0
2145.0,Urban Fringe,2,1.0,7,0.0,8008.0,No,6,5.51,293219.0
1342.0,Suburb,3,1.0,39,2.0,5500.0,Yes,5,10.5,272182.0
1683.0,Suburb,2,2.0,64,3.0,4231.0,No,2,3.34,207721.0
1928.0,Urban Fringe,3,4.0,61,3.0,7635.0,No,6,6.08,367663.0
2333.0,Suburb,4,1.0,88,1.0,6428.0,Yes,8,2.08,368402.0
1544.0,Rural,2,2.0,3,0.0,2443.0,No,1,11.64,202361.0
2139.0,Urban Fringe,2,1.0,68,1.0,5180.0,No,6,11.36,261853.0
1627.0,Downtown,4,2.0,71,1.0,,Yes,10,4.5,382331.0
1724.0,Suburb,3,3.0,39,1.0,4724.0,No,6,3.44,310552.0
2339.0,Suburb,2,2.0,25,1.0,9704.0,No,10,2.47,386509.0
505.0,Downtown,1,3.0,32,1.0,7200.0,No,4,0.59,215889.0
957.0,Suburb,2,4.0,61,0.0,9433.0,Yes,1,6.49,167700.0
837.0,Suburb,2,4.0,77,1.0,6659.0,No,7,16.63,178774.0
400.0,Urban Fringe,1,3.0,57,1.0,6203.0,No,3,1.04,113834.0
1359.0,Urban Fringe,3,3.0,46,0.0,3659.0,No,1,4.22,217551.0
2287.0,Urban Fringe,4,4.0,58,3.0,6030.0,Yes,2,17.06,335178.0
1615.0,Suburb,2,4.0,6,2.0,6033.0,Yes,10,13.46,392424.0
1929.0,Suburb,5,2.0,54,3.0,2582.0,No,8,10.37,315665.0
2508.0,Suburb,2,1.0,3,2.0,4651.0,Yes,3,0.2,393588.0
2663.0,Downtown,2,1.0,86,0.0,5192.0,Yes,6,8.99,384224.0
1755.0,Urban Fringe,5,4.0,80,3.0,7034.0,Yes,4,2.83,286096.0
2680.0,Suburb,6,3.0,45,1.0,7153.0,No,2,11.46,393157.0
1860.0,Suburb,3,2.0,33,2.0,4547.0,Yes,10,2.02,367961.0
1256.0,Urban Fringe,3,2.0,65,1.0,7172.0,No,9,0.2,250798.0
1414.0,Suburb,4,2.0,57,1.0,5545.0,No,4,5.61,252109.0
838.0,Downtown,2,4.0,63,1.0,1000.0,No,4,2.73,224280.0
1223.0,Downtown,1,3.0,46,1.0,4788.0,No,9,7.04,301235.0
1567.0,Rural,4,4.0,21,2.0,8697.0,Yes,5,2.61,293476.0
2322.0,Urban Fringe,2,2.0,6,2.0,1795.0,No,4,11.97,292566.0
2919.0,Suburb,6,2.0,25,0.0,6282.0,Yes,4,5.52,435051.0
902.0,Urban Fringe,1,1.0,47,0.0,9963.0,No,5,2.34,169728.0
2055.0,Urban Fringe,5,4.0,38,3.0,4098.0,Yes,6,10.1,337232.0
1124.0,Urban Fringe,2,3.0,45,2.0,6005.0,No,1,19.05,178543.0
2109.0,Suburb,3,3.0,24,3.0,2740.0,No,5,18.22,360478.0
1715.0,Downtown,2,2.0,84,2.0,10068.0,Yes,5,30.45,305744.0
610.0,Urban Fringe,1,2.0,33,2.0,,No,3,9.43,142590.0
2403.0,Suburb,3,4.0,76,3.0,6117.0,Yes,4,7.58,350281.0
1407.0,Rural,4,2.0,35,2.0,9386.0,Yes,5,0.63,280784.0
1453.0,Urban Fringe,1,3.0,39,1.0,7654.0,Yes,4,2.02,206985.0
1105.0,Downtown,3,1.0,54,2.0,3811.0,Yes,10,2.9,326666.0
1375.0,Urban Fringe,3,2.0,23,0.0,4382.0,No,6,6.16,213969.0
2078.0,Urban Fringe,5,4.0,19,1.0,7237.0,No,6,13.82,319929.0
1677.0,Rural,2,1.0,34,2.0,4440.0,Yes,3,4.87,226429.0
2014.0,Suburb,3,1.0,72,0.0,1000.0,No,10,2.3,384867.0
2035.0,Urban Fringe,3,4.0,13,2.0,5867.0,No,1,3.99,363429.0
2658.0,Suburb,4,2.0,39,,2299.0,No,6,0.29,422357.0
1577.0,Rural,4,2.0,60,1.0,10041.0,Yes,2,2.43,246495.0
840.0,Urban Fringe,1,3.0,63,0.0,6442.0,No,8,0.34,173155.0
2494.0,Rural,5,1.0,39,2.0,3737.0,Yes,4,5.84,343454.0
1585.0,Suburb,2,1.0,7,3.0,4253.0,No,3,20.97,245154.0
2524.0,Downtown,2,1.0,1,2.0,1277.0,No,1,4.36,346325.0
2049.0,Suburb,5,1.0,42,1.0,3251.0,No,8,11.23,344995.0
1715.0,Suburb,4,1.0,72,2.0,8541.0,Yes,4,9.32,270610.0
2027.0,Suburb,3,3.0,2,1.0,11579.0,Yes,3,7.74,382001.0
3068.0,Suburb,6,2.0,79,1.0,7816.0,No,9,14.38,377016.0
3150.0,Suburb,3,1.0,60,1.0,,Yes,1,6.76,388150.0
1845.0,Urban Fringe,4,1.0,0,0.0,,Yes,5,7.8,291054.0
1904.0,Urban Fringe,2,2.0,30,3.0,3609.0,No,2,3.33,268168.0
2500.0,Suburb,2,4.0,19,2.0,11149.0,No,2,10.87,386543.0
1250.0,Rural,3,2.0,85,0.0,5528.0,Yes,1,1.71,139542.0
2016.0,Rural,4,1.0,49,3.0,11289.0,Yes,2,10.0,287025.0
1783.0,Suburb,5,1.0,29,0.0,9484.0,No,10,30.77,325030.0
2004.0,Downtown,3,2.0,25,2.0,1648.0,Yes,5,2.41,355069.0
1258.0,Urban Fringe,3,1.0,50,0.0,4335.0,Yes,10,10.84,253408.0
767.0,Urban Fringe,2,4.0,0,1.0,4327.0,Yes,3,11.27,207938.0
453.0,Rural,1,4.0,23,2.0,5800.0,Yes,8,0.6,187608.0
1074.0,Urban Fringe,3,2.0,14,3.0,5849.0,No,1,8.96,206780.0
1502.0,Urban Fringe,4,4.0,55,3.0,13491.0,Yes,2,5.74,282274.0
1609.0,Suburb,3,2.0,60,3.0,3307.0,Yes,1,5.07,238864.0
3059.0,Rural,3,1.0,42,0.0,6572.0,Yes,9,16.68,465436.0
2519.0,Suburb,2,4.0,12,0.0,7541.0,Yes,7,3.08,439374.0
1175.0,Urban Fringe,3,4.0,33,3.0,,Yes,8,30.82,267738.0
2026.0,Downtown,4,2.0,75,3.0,6275.0,No,10,5.7,401009.0
1535.0,Suburb,3,3.0,18,1.0,3388.0,No,4,0.64,261871.0
1615.0,Urban Fringe,2,1.0,14,0.0,6266.0,Yes,8,0.76,296942.0
1920.0,Suburb,3,,10,2.0,7278.0,Yes,6,13.79,349743.0
2202.0,Urban Fringe,3,3.0,73,0.0,6819.0,Yes,6,11.62,292659.0
1579.0,Suburb,3,3.0,10,0.0,7426.0,Yes,7,9.62,338226.0
2492.0,Urban Fringe,2,3.0,52,3.0,9532.0,No,5,0.73,356806.0
1058.0,Urban Fringe,3,3.0,89,1.0,8342.0,Yes,1,8.08,173866.0
1804.0,Suburb,2,3.0,57,0.0,6178.0,No,1,44.21,206300.0
3488.0,Urban Fringe,4,4.0,37,2.0,3071.0,No,6,11.48,594514.0
1945.0,Suburb,1,1.0,18,1.0,4500.0,Yes,6,2.3,307443.0
2732.0,Rural,3,2.0,0,2.0,5451.0,No,8,11.97,329722.0
1859.0,Rural,5,2.0,14,3.0,6631.0,Yes,6,0.57,290987.0
2178.0,Urban Fringe,5,3.0,85,0.0,4804.0,Yes,2,2.92,324443.0
1763.0,Downtown,5,1.0,12,2.0,3661.0,No,4,19.08,364654.0
1689.0,Suburb,4,2.0,1,3.0,3030.0,Yes,5,12.38,309535.0
1293.0,Rural,1,4.0,73,1.0,1872.0,No,10,12.02,261562.0
2080.0,Suburb,3,1.0,37,3.0,5413.0,No,6,8.45,355793.0
1247.0,Suburb,3,3.0,32,1.0,2326.0,Yes,7,16.22,268720.0
2233.0,Downtown,5,3.0,64,1.0,3499.0,No,8,2.75,399380.0
2505.0,Suburb,4,2.0,47,3.0,5015.0,Yes,4,22.1,372063.0
2038.0,Urban Fringe,5,1.0,82,2.0,2660.0,No,10,12.42,350020.0
1614.0,Downtown,2,1.0,42,3.0,6949.0,Yes,7,0.71,357276.0
2095.0,Suburb,1,2.0,64,3.0,7851.0,Yes,9,13.42,337054.0
1599.0,Urban Fringe,1,,79,2.0,4626.0,Yes,8,6.69,261292.0
2408.0,Downtown,4,1.0,41,0.0,4907.0,No,7,6.55,460553.0
610.0,Rural,1,1.0,25,1.0,7344.0,Yes,1,13.63,117830.0
1582.0,Suburb,2,1.0,87,3.0,4215.0,No,6,3.56,276943.0
506.0,Urban Fringe,1,4.0,20,2.0,4043.0,Yes,2,0.63,183062.0
828.0,Rural,2,3.0,3,1.0,8991.0,Yes,7,25.92,219053.0
2687.0,Urban Fringe,3,1.0,52,1.0,8210.0,Yes,8,25.92,385040.0
2382.0,Suburb,2,,88,3.0,7504.0,Yes,6,11.94,388522.0
1332.0,Suburb,3,1.0,7,0.0,8314.0,No,4,12.35,267147.0
823.0,Urban Fringe,2,2.0,76,0.0,1057.0,Yes,1,12.93,130478.0
400.0,Suburb,1,1.0,74,3.0,9385.0,No,7,39.41,121433.0
1447.0,Suburb,2,1.0,83,1.0,6980.0,No,7,0.72,261113.0
3373.0,Downtown,3,1.0,37,3.0,8527.0,Yes,5,0.41,507363.0
2083.0,Urban Fringe,4,2.0,22,2.0,6968.0,No,8,2.55,357984.0
1436.0,Rural,1,2.0,46,3.0,6122.0,No,8,7.23,313000.0
2102.0,Rural,6,2.0,12,2.0,5312.0,No,6,11.5,290077.0
785.0,Rural,2,3.0,75,3.0,6918.0,Yes,1,5.89,160265.0
1607.0,Suburb,3,3.0,59,3.0,5221.0,No,9,8.95,298704.0
1865.0,Suburb,1,3.0,43,0.0,8170.0,No,5,4.78,306229.0
1744.0,Suburb,4,3.0,46,3.0,2034.0,Yes,7,5.14,404389.0
2314.0,Rural,2,3.0,64,2.0,4646.0,No,10,3.68,321175.0
2024.0,Suburb,5,2.0,47,0.0,11112.0,Yes,4,7.45,317764.0
2234.0,Urban Fringe,3,1.0,75,0.0,4435.0,No,7,1.07,313751.0
1353.0,Urban Fringe,3,2.0,83,1.0,5403.0,No,1,0.67,172332.0
2384.0,Suburb,2,1.0,85,0.0,3794.0,No,9,5.55,368051.0
2859.0,Suburb,1,4.0,55,1.0,6840.0,No,1,3.5,350113.0
1169.0,Downtown,3,2.0,66,3.0,4159.0,No,6,3.53,291692.0
1223.0,Urban Fringe,3,4.0,27,1.0,5536.0,No,4,18.54,208873.0
2668.0,Urban Fringe,4,4.0,3,0.0,8122.0,Yes,1,44.19,298160.0
1676.0,Urban Fringe,1,2.0,36,1.0,4253.0,Yes,5,7.69,267538.0
2712.0,Suburb,6,,78,0.0,7972.0,Yes,10,1.39,407175.0
1512.0,Downtown,3,2.0,12,3.0,8056.0,Yes,2,12.26,355313.0
2746.0,Suburb,6,1.0,49,0.0,8637.0,No,3,6.55,325562.0
1885.0,Downtown,5,1.0,17,3.0,6351.0,No,2,11.37,311364.0
1968.0,Downtown,5,1.0,38,1.0,14103.0,Yes,2,8.05,369317.0
2817.0,Downtown,5,4.0,12,0.0,8636.0,Yes,3,0.94,457418.0
1565.0,Urban Fringe,4,2.0,66,2.0,6812.0,No,6,8.49,233490.0
1188.0,Downtown,3,2.0,72,1.0,3810.0,Yes,8,8.27,334066.0
1508.0,Downtown,1,2.0,68,3.0,5757.0,No,7,29.0,261822.0
2094.0,Urban Fringe,3,2.0,63,2.0,,No,8,19.16,324438.0
782.0,Suburb,2,4.0,21,3.0,10274.0,Yes,8,34.8,253204.0
2214.0,Urban Fringe,5,4.0,47,1.0,9696.0,Yes,4,22.83,371369.0
1450.0,Rural,4,1.0,9,0.0,7963.0,Yes,10,0.98,315348.0
2546.0,Urban Fringe,5,3.0,33,0.0,2861.0,Yes,2,0.53,336775.0
400.0,Rural,1,2.0,45,1.0,7218.0,Yes,7,16.72,134629.0
1289.0,Suburb,3,1.0,60,1.0,2896.0,Yes,2,12.18,200801.0
704.0,Rural,2,4.0,8,3.0,2281.0,Yes,8,0.77,248011.0
1263.0,Suburb,3,1.0,73,1.0,6598.0,Yes,1,1.14,180000.0
1961.0,Suburb,2,1.0,41,3.0,7308.0,Yes,3,10.12,360092.0
1684.0,Suburb,2,1.0,79,0.0,,No,4,4.76,226076.0
1635.0,Downtown,3,2.0,47,1.0,7243.0,Yes,7,10.89,342889.0
1697.0,Urban Fringe,2,3.0,49,3.0,7329.0,No,1,3.43,228134.0
1932.0,Suburb,4,2.0,62,0.0,3538.0,Yes,3,2.3,259011.0
1144.0,Downtown,3,1.0,73,1.0,5738.0,Yes,4,26.18,212096.0
2259.0,Suburb,5,1.0,14,3.0,2232.0,Yes,8,3.17,373777.0
2231.0,Urban Fringe,6,4.0,46,,1000.0,No,10,19.18,374218.0
2050.0,Suburb,1,4.0,2,3.0,7852.0,Yes,7,3.1,368832.0
2162.0,Rural,2,4.0,42,2.0,4117.0,Yes,6,0.2,357544.0
1993.0,Urban Fringe,2,3.0,73,3.0,8181.0,Yes,4,0.2,293123.0
3123.0,Downtown,2,3.0,77,3.0,8771.0,No,9,5.64,460998.0
1743.0,Urban Fringe,4,4.0,25,3.0,4452.0,Yes,2,9.63,294767.0
1600.0,Suburb,1,3.0,34,0.0,7476.0,Yes,2,0.84,295614.0
1310.0,Suburb,1,2.0,49,2.0,4347.0,No,3,3.81,227965.0
1129.0,Rural,3,2.0,35,0.0,1385.0,Yes,3,4.47,183432.0
991.0,Urban Fringe,2,2.0,16,0.0,,Yes,5,4.4,199205.0
1222.0,Suburb,2,1.0,27,1.0,4823.0,No,10,12.53,246690.0
1754.0,Suburb,2,1.0,36,2.0,4900.0,Yes,7,3.92,283302.0
2017.0,Suburb,4,3.0,46,1.0,10938.0,Yes,4,7.05,382803.0
1833.0,Suburb,4,4.0,82,3.0,2185.0,Yes,3,6.47,314666.0
1302.0,Rural,3,1.0,49,1.0,,Yes,7,3.89,217730.0
2385.0,Rural,3,1.0,34,2.0,3513.0,No,3,1.07,284600.0
2281.0,Rural,1,1.0,59,3.0,8271.0,No,10,2.77,314985.0
1696.0,Downtown,3,4.0,69,3.0,6746.0,No,5,0.2,321682.0
1376.0,Rural,3,2.0,38,0.0,6948.0,Yes,6,4.65,255511.0
2156.0,Rural,4,2.0,44,2.0,3638.0,No,10,9.16,333970.0
1922.0,Rural,4,1.0,19,0.0,4086.0,No,4,7.68,323191.0
859.0,Downtown,2,4.0,77,2.0,8318.0,Yes,5,16.77,273558.0
1756.0,Suburb,5,2.0,78,1.0,10427.0,No,6,6.59,339038.0
1970.0,Suburb,2,4.0,15,3.0,7201.0,No,3,2.32,359791.0
1215.0,Downtown,3,3.0,31,3.0,3756.0,No,1,2.11,259059.0
1923.0,Suburb,5,1.0,24,3.0,6847.0,Yes,3,10.44,343022.0
854.0,Suburb,2,4.0,83,3.0,12069.0,Yes,2,0.94,206617.0
2669.0,Rural,3,3.0,5,1.0,6256.0,No,7,0.85,452676.0
2611.0,Suburb,2,3.0,18,2.0,9655.0,No,1,25.54,367196.0
1636.0,Urban Fringe,2,1.0,28,0.0,4149.0,Yes,4,5.39,265879.0
2036.0,Suburb,5,4.0,50,2.0,5895.0,Yes,9,5.1,402394.0
400.0,Urban Fringe,1,4.0,22,0.0,7549.0,No,6,8.11,202661.0
1048.0,Suburb,2,2.0,48,2.0,6993.0,Yes,7,18.57,214106.0
1609.0,Suburb,2,1.0,67,3.0,4084.0,Yes,7,14.45,325207.0
1103.0,Rural,1,4.0,74,2.0,3976.0,No,3,5.34,166650.0
2264.0,Urban Fringe,1,4.0,8,3.0,8471.0,Yes,7,10.61,353925.0
3098.0,Suburb,3,3.0,12,0.0,8979.0,Yes,3,5.41,417426.0
1035.0,Suburb,2,3.0,8,,9780.0,Yes,7,18.05,251218.0
1256.0,Rural,3,1.0,81,2.0,10510.0,No,7,8.95,225749.0
1953.0,Rural,5,1.0,58,2.0,6337.0,Yes,9,7.4,294735.0
2847.0,Downtown,1,4.0,47,3.0,5222.0,No,10,7.74,492003.0
1005.0,Suburb,2,2.0,71,2.0,9377.0,No,1,1.07,207321.0
1962.0,Suburb,2,2.0,52,1.0,7783.0,No,3,18.58,260078.0
2984.0,Urban Fringe,2,3.0,21,2.0,3544.0,Yes,6,24.24,408293.0
726.0,Suburb,2,1.0,45,2.0,3416.0,Yes,4,1.61,164076.0
967.0,Suburb,1,1.0,63,3.0,7230.0,Yes,7,0.42,226578.0
1525.0,Urban Fringe,3,1.0,3,1.0,5557.0,No,9,4.35,370327.0
1462.0,Suburb,4,2.0,54,2.0,5934.0,No,3,3.89,274678.0
2328.0,Downtown,2,2.0,44,2.0,8681.0,No,9,7.39,412800.0
1957.0,Suburb,4,1.0,6,0.0,7898.0,Yes,9,1.69,363053.0
646.0,Downtown,1,2.0,23,0.0,9325.0,Yes,10,3.18,281641.0
2135.0,Downtown,5,2.0,40,0.0,1171.0,No,1,5.6,333643.0
1425.0,Suburb,2,3.0,30,2.0,6633.0,Yes,3,0.82,269423.0
2628.0,Urban Fringe,1,3.0,26,1.0,7737.0,No,2,1.62,371428.0
1392.0,Rural,3,4.0,58,3.0,2184.0,Yes,2,11.22,195988.0
1386.0,Downtown,2,4.0,36,2.0,4363.0,No,1,0.94,259995.0
2152.0,Suburb,5,2.0,44,0.0,,No,5,24.6,327993.0
2296.0,Downtown,1,4.0,71,0.0,,Yes,1,8.76,306515.0
2091.0,Urban Fringe,4,3.0,8,1.0,10070.0,Yes,3,15.91,364523.0
704.0,Downtown,2,1.0,32,3.0,11056.0,No,10,1.53,287974.0
2150.0,Rural,1,2.0,6,0.0,3964.0,Yes,9,3.26,290862.0
1128.0,Suburb,2,3.0,83,0.0,7316.0,Yes,10,13.37,263874.0
1953.0,Rural,5,4.0,16,0.0,7397.0,Yes,1,4.8,253638.0
875.0,Suburb,2,2.0,73,1.0,6969.0,Yes,7,32.31,208902.0
2090.0,Urban Fringe,2,1.0,17,3.0,6997.0,No,7,10.63,331383.0
1276.0,Suburb,2,1.0,29,2.0,6759.0,Yes,2,35.89,248948.0
966.0,Urban Fringe,2,1.0,54,1.0,10219.0,Yes,10,2.21,274698.0
2264.0,Suburb,6,3.0,74,0.0,8756.0,No,5,21.83,307557.0
1957.0,Urban Fringe,3,3.0,16,1.0,3350.0,Yes,10,1.24,322483.0
1401.0,Urban Fringe,3,2.0,19,2.0,7989.0,Yes,2,14.36,232772.0
2743.0,Urban Fringe,5,3.0,79,1.0,8231.0,No,7,6.89,357088.0
1514.0,Suburb,2,4.0,28,2.0,6787.0,No,2,0.21,322195.0
1821.0,Suburb,2,4.0,18,3.0,8829.0,No,10,0.2,390065.0
1975.0,Suburb,5,1.0,66,0.0,6470.0,No,7,10.01,340999.0
1397.0,Suburb,2,3.0,8,1.0,6501.0,Yes,1,1.9,258801.0
2106.0,Suburb,5,4.0,78,,6303.0,Yes,3,1.63,327887.0
1453.0,Urban Fringe,3,4.0,78,2.0,1000.0,No,4,22.9,221954.0
1532.0,Urban Fringe,4,2.0,77,1.0,5799.0,No,1,1.22,245190.0
2686.0,Suburb,1,2.0,26,1.0,,No,1,4.38,354387.0
1124.0,Rural,3,4.0,10,0.0,3034.0,Yes,10,2.82,259221.0
400.0,Urban Fringe,1,1.0,38,0.0,9585.0,Yes,10,13.13,211032.0
2847.0,Urban Fringe,1,3.0,30,1.0,7261.0,Yes,6,16.48,393924.0
3457.0,Suburb,5,1.0,86,2.0,5925.0,No,10,4.59,465955.0
1537.0,Suburb,4,4.0,56,0.0,4588.0,No,7,10.85,226298.0
541.0,Urban Fringe,1,1.0,84,0.0,6740.0,Yes,1,1.66,112387.0
1598.0,Suburb,1,1.0,67,1.0,8479.0,Yes,8,19.1,278927.0
1614.0,Suburb,1,2.0,64,2.0,3933.0,Yes,1,0.43,243385.0
1677.0,Urban Fringe,4,1.0,10,1.0,5988.0,Yes,9,14.5,318200.0
1076.0,Urban Fringe,3,2.0,6,1.0,8170.0,No,4,6.18,222478.0
2177.0,Urban Fringe,3,2.0,4,0.0,1160.0,No,2,6.75,291220.0
2141.0,Urban Fringe,5,2.0,53,2.0,5856.0,Yes,3,12.65,332734.0
829.0,Suburb,2,3.0,18,3.0,4927.0,No,7,2.29,263041.0
2254.0,Suburb,6,3.0,89,3.0,5665.0,No,9,8.07,377942.0
3134.0,Suburb,4,4.0,11,2.0,4746.0,Yes,6,5.87,525017.0
1912.0,Suburb,5,2.0,85,2.0,6344.0,Yes,2,7.52,286923.0
1581.0,Suburb,4,3.0,60,1.0,10809.0,Yes,10,4.05,337902.0
1708.0,Rural,4,3.0,9,0.0,5190.0,Yes,8,0.86,329046.0
2200.0,Suburb,4,1.0,5,1.0,6729.0,Yes,5,17.66,317422.0
675.0,Rural,1,3.0,35,2.0,10987.0,No,6,6.87,185913.0
1907.0,Suburb,3,4.0,30,2.0,4625.0,Yes,10,3.7,350476.0
1546.0,Suburb,4,2.0,28,3.0,10537.0,Yes,4,10.08,283536.0
3001.0,Downtown,5,1.0,47,,6013.0,No,1,1.81,355656.0
1687.0,Downtown,4,2.0,11,0.0,10455.0,Yes,2,23.42,317673.0
2884.0,Urban Fringe,4,2.0,11,0.0,7876.0,No,7,0.84,490454.0
1083.0,Suburb,1,3.0,62,1.0,,No,10,6.62,258297.0
2182.0,Suburb,4,4.0,89,3.0,5836.0,No,8,24.28,371285.0
2008.0,Urban Fringe,2,3.0,24,3.0,4440.0,No,7,24.5,392793.0
1235.0,Suburb,1,1.0,83,0.0,6189.0,No,4,2.33,201035.0
1915.0,Downtown,1,2.0,31,0.0,8243.0,No,5,0.49,323163.0
2588.0,Suburb,4,3.0,30,2.0,5967.0,Yes,1,4.34,359557.0
1590.0,Downtown,4,2.0,8,2.0,5208.0,Yes,4,1.65,349639.0
700.0,Rural,2,3.0,38,3.0,5373.0,Yes,7,4.85,192417.0
1789.0,Suburb,3,3.0,44,3.0,8481.0,Yes,10,1.84,365073.0
1213.0,Downtown,1,2.0,59,0.0,9063.0,Yes,10,0.27,339865.0
1577.0,Downtown,4,3.0,14,0.0,4332.0,Yes,9,2.36,409281.0
1747.0,Suburb,1,2.0,16,2.0,4329.0,Yes,1,25.37,215576.0
691.0,Downtown,1,1.0,38,2.0,6948.0,Yes,9,1.06,253236.0
750.0,Urban Fringe,2,2.0,6,3.0,9819.0,Yes,3,2.64,209324.0
2113.0,Downtown,6,2.0,12,2.0,8865.0,No,7,4.31,445575.0
1460.0,Rural,2,1.0,56,2.0,2870.0,No,10,10.32,272994.0
400.0,Suburb,1,4.0,85,1.0,5340.0,No,9,14.79,214257.0
2310.0,Suburb,2,3.0,51,0.0,3673.0,Yes,7,6.8,349667.0
1977.0,Downtown,5,1.0,13,3.0,5331.0,No,3,24.04,333693.0
1336.0,Urban Fringe,2,4.0,89,3.0,,No,6,1.85,273683.0
944.0,Urban Fringe,2,,46,0.0,2443.0,Yes,8,16.27,217773.0
2343.0,Downtown,1,1.0,64,,1953.0,No,6,4.91,353929.0
2027.0,Downtown,1,1.0,17,1.0,3929.0,Yes,5,10.74,339982.0
3349.0,Urban Fringe,2,2.0,52,,6718.0,No,5,1.01,327226.0
2073.0,Suburb,5,3.0,6,3.0,7552.0,No,6,6.49,390931.0
2052.0,Downtown,4,3.0,56,3.0,7094.0,Yes,1,8.51,348406.0
1691.0,Suburb,3,2.0,18,0.0,8939.0,No,10,12.13,372946.0
2331.0,Rural,4,3.0,81,1.0,1592.0,Yes,2,42.99,251875.0
2206.0,Rural,4,1.0,4,3.0,8971.0,Yes,10,21.2,340825.0
2614.0,Suburb,4,,58,3.0,5220.0,Yes,1,5.04,361383.0
1461.0,Urban Fringe,4,4.0,12,0.0,7829.0,Yes,6,3.26,267951.0
1517.0,Suburb,1,3.0,61,3.0,2691.0,Yes,5,3.97,246185.0
1489.0,Suburb,2,2.0,44,1.0,6012.0,No,6,28.91,265659.0
2314.0,Suburb,4,2.0,87,2.0,6591.0,Yes,5,1.89,343732.0
2774.0,Suburb,1,4.0,58,0.0,8889.0,Yes,9,32.76,443744.0
1502.0,Suburb,3,1.0,33,2.0,2037.0,No,1,10.82,177547.0
1524.0,Downtown,1,2.0,7,2.0,6077.0,Yes,10,3.63,371167.0
2004.0,Suburb,5,1.0,53,2.0,3287.0,Yes,7,17.36,320008.0
1640.0,Rural,1,4.0,39,3.0,7264.0,No,8,3.05,321597.0
2419.0,Downtown,1,2.0,4,3.0,7943.0,No,2,10.37,407839.0
400.0,Suburb,1,,52,3.0,9218.0,Yes,1,4.56,172838.0
1263.0,Rural,2,3.0,18,2.0,4662.0,Yes,4,5.93,269076.0
1291.0,Rural,3,3.0,21,3.0,8318.0,No,4,11.33,229979.0
400.0,Urban Fringe,1,3.0,0,2.0,9402.0,No,8,8.55,230283.0
1174.0,Urban Fringe,2,1.0,33,2.0,1892.0,Yes,9,0.2,242525.0
1205.0,Rural,3,3.0,19,2.0,7531.0,Yes,5,3.94,228157.0
1669.0,Downtown,4,3.0,6,3.0,8396.0,Yes,8,5.42,428932.0
2523.0,Suburb,2,4.0,39,0.0,5353.0,No,1,1.65,296598.0
1641.0,Rural,4,3.0,19,2.0,2973.0,No,8,8.53,312701.0
1130.0,Suburb,3,4.0,12,1.0,8357.0,No,1,4.51,244708.0
1763.0,Downtown,4,4.0,42,3.0,3001.0,Yes,7,10.39,411116.0
2482.0,Suburb,4,,5,0.0,5554.0,No,4,0.2,388185.0
1166.0,Suburb,3,2.0,89,2.0,5900.0,No,5,23.46,203381.0
1208.0,Suburb,3,1.0,42,0.0,7789.0,Yes,3,2.56,242025.0
2163.0,Downtown,3,2.0,89,3.0,4433.0,No,5,4.19,331598.0
1656.0,Urban Fringe,4,,79,3.0,4289.0,Yes,9,4.46,312962.0
2221.0,Urban Fringe,6,1.0,88,0.0,6247.0,Yes,9,2.5,369711.0
1791.0,Suburb,5,2.0,48,3.0,8516.0,No,4,4.46,314695.0
2256.0,Urban Fringe,1,3.0,38,1.0,,Yes,3,4.8,326143.0
1127.0,Downtown,3,1.0,64,3.0,2231.0,No,6,0.2,262853.0
1792.0,Urban Fringe,5,4.0,7,2.0,6788.0,Yes,7,3.55,415623.0
1663.0,Urban Fringe,2,3.0,75,0.0,3284.0,Yes,2,0.31,228471.0
1010.0,Downtown,2,1.0,29,0.0,,Yes,8,9.65,276640.0
784.0,Urban Fringe,2,1.0,0,1.0,3654.0,Yes,10,8.62,214562.0
2246.0,Urban Fringe,6,3.0,21,0.0,4313.0,Yes,9,7.26,403005.0
1572.0,Urban Fringe,1,4.0,21,0.0,4527.0,No,6,5.62,299835.0
1136.0,Urban Fringe,3,4.0,1,3.0,5810.0,Yes,4,6.31,295107.0
1737.0,Suburb,4,4.0,60,3.0,6808.0,Yes,4,18.04,314559.0
2533.0,Downtown,4,1.0,8,1.0,7209.0,No,8,1.88,482242.0
400.0,Urban Fringe,1,3.0,76,0.0,5986.0,Yes,5,7.05,149639.0
827.0,Rural,2,1.0,40,0.0,2675.0,No,2,32.74,116703.0
1200.0,Rural,3,1.0,64,3.0,7819.0,Yes,7,4.8,251443.0
2750.0,Suburb,5,3.0,30,1.0,5868.0,Yes,2,1.98,460257.0
1984.0,Suburb,5,,11,0.0,8904.0,No,10,3.55,387094.0
2299.0,Downtown,5,3.0,16,1.0,4231.0,No,5,4.03,374454.0
1059.0,Rural,3,4.0,58,1.0,1994.0,No,4,4.35,200764.0
1072.0,Downtown,3,1.0,64,2.0,5915.0,Yes,1,1.21,247125.0
2091.0,Rural,1,3.0,24,1.0,9240.0,Yes,2,5.79,337665.0
1838.0,Urban Fringe,3,4.0,32,3.0,6402.0,No,10,8.78,399408.0
2157.0,Suburb,4,2.0,85,2.0,5501.0,No,6,0.93,389347.0
1678.0,Suburb,1,3.0,76,3.0,3824.0,No,10,1.63,333315.0
1981.0,Suburb,3,2.0,37,1.0,10394.0,No,10,3.6,379844.0
1903.0,Urban Fringe,4,4.0,21,2.0,3426.0,No,1,8.4,258007.0
2306.0,Rural,4,1.0,27,1.0,4187.0,Yes,4,1.87,330129.0
2325.0,Suburb,1,4.0,48,2.0,7425.0,No,9,3.52,379235.0
747.0,Downtown,2,4.0,51,2.0,1360.0,Yes,5,13.02,245491.0
400.0,Suburb,1,4.0,16,1.0,9186.0,Yes,6,22.25,200213.0
2451.0,Suburb,4,2.0,5,3.0,7560.0,No,6,2.86,427064.0
2572.0,Urban Fringe,2,3.0,44,3.0,8248.0,Yes,8,1.79,415504.0
1137.0,Rural,3,2.0,71,3.0,7395.0,Yes,10,3.24,275043.0
591.0,Suburb,1,2.0,13,0.0,5597.0,No,9,8.23,168848.0
1864.0,Urban Fringe,5,4.0,36,2.0,3342.0,No,7,0.69,352625.0
2405.0,Suburb,2,3.0,14,0.0,5650.0,Yes,6,0.25,432546.0
2968.0,Urban Fringe,6,3.0,21,0.0,3562.0,No,4,31.91,461370.0
2136.0,Suburb,1,1.0,55,3.0,7215.0,Yes,2,0.45,328429.0
1558.0,Rural,1,4.0,25,0.0,8017.0,No,8,7.38,321474.0
1219.0,Urban Fringe,1,3.0,23,3.0,9692.0,Yes,1,15.2,230972.0
1807.0,Suburb,2,4.0,89,1.0,6929.0,Yes,7,3.93,318998.0
1605.0,Rural,4,1.0,15,1.0,8311.0,Yes,5,0.2,292980.0
1140.0,Urban Fringe,2,3.0,17,0.0,5257.0,Yes,8,9.24,269132.0
3132.0,Downtown,5,3.0,83,2.0,4804.0,Yes,10,1.03,491541.0
2960.0,Downtown,3,3.0,49,2.0,7184.0,Yes,6,1.37,463438.0
2538.0,Rural,1,1.0,3,,5034.0,No,6,5.83,305361.0
1201.0,Suburb,3,2.0,38,3.0,6673.0,Yes,5,5.9,279483.0
2356.0,Downtown,1,2.0,50,1.0,3347.0,Yes,4,25.27,351292.0
2216.0,Suburb,3,3.0,22,2.0,3796.0,No,1,0.51,319102.0
2088.0,Urban Fringe,4,1.0,49,1.0,7589.0,No,1,4.04,262704.0
2612.0,Suburb,4,2.0,58,2.0,8217.0,No,8,22.17,410979.0
2213.0,Suburb,2,3.0,22,0.0,3536.0,Yes,10,0.87,424314.0
2281.0,Urban Fringe,5,1.0,73,1.0,7677.0,Yes,1,13.24,259823.0
2214.0,Suburb,4,4.0,40,2.0,4668.0,No,4,1.1,323350.0
2022.0,Urban Fringe,2,3.0,86,2.0,6041.0,No,7,4.96,337010.0
641.0,Suburb,1,1.0,7,1.0,9542.0,Yes,8,8.61,206735.0
1854.0,Urban Fringe,1,1.0,29,2.0,8019.0,No,8,2.14,331586.0
1438.0,Rural,4,4.0,64,2.0,7990.0,No,7,1.87,309809.0
968.0,Downtown,2,,80,1.0,10772.0,No,1,5.89,236828.0
2893.0,Urban Fringe,2,4.0,19,0.0,,Yes,3,2.72,430697.0
2924.0,Suburb,5,2.0,88,2.0,3535.0,No,5,13.75,410368.0
2683.0,Downtown,5,2.0,17,3.0,4195.0,Yes,1,8.96,500558.0
1966.0,Downtown,4,2.0,37,3.0,5364.0,No,4,0.2,299313.0
2678.0,Rural,1,3.0,28,2.0,1000.0,Yes,4,2.26,337656.0
1808.0,Downtown,5,1.0,38,3.0,5481.0,Yes,10,3.49,428232.0
1932.0,Suburb,5,2.0,81,3.0,4639.0,Yes,4,1.82,307297.0
1089.0,Downtown,3,2.0,65,2.0,7959.0,No,10,14.33,323996.0
2058.0,Suburb,5,1.0,71,0.0,6881.0,No,8,23.37,316445.0
1839.0,Suburb,5,2.0,22,2.0,4498.0,No,7,0.99,352629.0
953.0,Suburb,2,3.0,85,2.0,7475.0,No,9,3.22,237442.0
1767.0,Suburb,1,3.0,39,1.0,7808.0,No,9,0.79,323725.0
1748.0,Downtown,3,1.0,58,3.0,4079.0,No,3,1.5,290068.0
2968.0,Rural,2,4.0,62,3.0,4767.0,Yes,5,16.02,396122.0
2381.0,Suburb,2,4.0,59,1.0,1000.0,No,6,2.3,333826.0
1807.0,Rural,5,3.0,54,1.0,3273.0,Yes,10,9.2,350104.0
1962.0,Downtown,5,4.0,43,0.0,4144.0,Yes,1,3.87,367966.0
1829.0,Downtown,4,2.0,58,0.0,6185.0,Yes,5,18.25,359817.0
1668.0,Suburb,4,4.0,81,1.0,3637.0,Yes,3,0.98,254918.0
1096.0,Suburb,1,3.0,35,1.0,4716.0,No,3,2.75,180975.0
1702.0,Suburb,2,3.0,45,1.0,2937.0,No,8,5.06,310740.0
1315.0,Urban Fringe,3,1.0,16,0.0,,Yes,3,2.83,305501.0
987.0,Suburb,2,3.0,31,1.0,7064.0,No,8,7.7,282518.0
2132.0,Suburb,4,4.0,69,2.0,7006.0,Yes,10,2.12,388985.0
2054.0,Suburb,3,4.0,57,1.0,6031.0,Yes,8,11.55,377723.0
639.0,Downtown,1,2.0,19,2.0,2147.0,Yes,2,2.21,223440.0
1720.0,Suburb,4,1.0,49,1.0,4450.0,Yes,2,24.59,215859.0
2447.0,Suburb,5,3.0,73,2.0,4982.0,Yes,5,10.78,418321.0
2488.0,Suburb,5,1.0,11,2.0,4992.0,Yes,6,8.51,400292.0
2467.0,Downtown,3,1.0,5,3.0,6187.0,Yes,8,2.82,456811.0
1825.0,Urban Fringe,4,3.0,35,0.0,9564.0,Yes,5,0.38,328956.0
1251.0,Urban Fringe,3,4.0,59,3.0,8030.0,No,2,4.09,259569.0
1096.0,Downtown,3,,28,1.0,3531.0,Yes,10,2.41,311636.0
2024.0,Rural,3,2.0,73,0.0,7696.0,Yes,10,0.25,278713.0
2047.0,Urban Fringe,2,2.0,76,2.0,7601.0,Yes,7,7.83,331004.0
2637.0,Suburb,4,2.0,47,0.0,3985.0,Yes,7,12.93,327658.0
2515.0,Urban Fringe,3,1.0,34,0.0,8122.0,Yes,10,3.16,397578.0
1714.0,Rural,4,3.0,3,3.0,5599.0,Yes,5,0.38,349173.0
991.0,Urban Fringe,1,3.0,73,0.0,2475.0,No,2,0.2,168800.0
1593.0,Urban Fringe,2,2.0,80,2.0,7138.0,No,7,32.86,266757.0
1941.0,Downtown,5,2.0,39,0.0,6542.0,No,5,20.3,361644.0
1669.0,Suburb,3,4.0,46,0.0,5431.0,No,8,1.3,387140.0
1424.0,Suburb,3,1.0,67,0.0,5906.0,Yes,8,9.81,255834.0
1964.0,Downtown,4,1.0,62,0.0,4202.0,Yes,5,2.43,353070.0
1472.0,Suburb,3,1.0,12,1.0,7525.0,Yes,4,0.2,277198.0
1392.0,Urban Fringe,3,4.0,60,1.0,5891.0,Yes,5,5.54,290851.0
2002.0,Downtown,2,2.0,83,0.0,6416.0,Yes,7,2.67,351027.0
1539.0,Suburb,4,1.0,67,1.0,6893.0,Yes,7,1.85,334143.0
1959.0,Urban Fringe,2,4.0,43,1.0,3114.0,No,6,3.47,303494.0
1978.0,Suburb,3,1.0,47,2.0,,Yes,6,1.7,367963.0
1059.0,Suburb,3,2.0,23,3.0,1000.0,Yes,10,1.75,308723.0
1487.0,Urban Fringe,4,1.0,59,2.0,7412.0,No,3,1.85,239181.0
2735.0,Suburb,2,3.0,21,3.0,2969.0,Yes,2,0.85,415420.0
1045.0,Downtown,2,3.0,30,0.0,6331.0,No,8,0.26,303789.0
424.0,Downtown,1,4.0,23,0.0,6927.0,No,10,4.27,266505.0
590.0,Urban Fringe,1,2.0,30,3.0,7506.0,No,7,8.43,191517.0
1819.0,Suburb,5,2.0,33,1.0,2990.0,Yes,5,0.22,309906.0
1820.0,Suburb,5,4.0,7,3.0,5837.0,Yes,4,8.58,352270.0
1724.0,Downtown,3,4.0,64,1.0,10176.0,No,5,4.95,299601.0
2589.0,Suburb,4,1.0,39,0.0,10286.0,No,1,0.2,375996.0
400.0,Urban Fringe,1,3.0,85,3.0,8468.0,No,6,0.94,137259.0
2057.0,Suburb,2,4.0,16,2.0,6844.0,Yes,3,1.35,349763.0
2815.0,Urban Fringe,3,3.0,60,3.0,,Yes,3,1.7,408437.0
1067.0,Suburb,2,3.0,16,1.0,7797.0,Yes,6,6.03,288529.0
1553.0,Suburb,4,1.0,49,0.0,5605.0,Yes,10,1.6,278132.0
1311.0,Urban Fringe,3,1.0,44,2.0,7401.0,Yes,3,3.35,234047.0
1219.0,Suburb,2,1.0,40,0.0,4418.0,No,10,20.43,261138.0
1588.0,Suburb,4,1.0,58,2.0,5568.0,Yes,6,35.78,266293.0
2728.0,Urban Fringe,5,4.0,74,1.0,6410.0,No,10,5.77,476831.0
2994.0,Suburb,2,3.0,28,3.0,6616.0,No,4,1.8,400420.0
1582.0,Suburb,4,,76,3.0,7234.0,Yes,10,1.94,304138.0
3038.0,Urban Fringe,3,2.0,16,1.0,4552.0,Yes,7,3.95,476187.0
1823.0,Downtown,4,4.0,26,3.0,2642.0,No,7,3.8,376500.0
2940.0,Suburb,6,1.0,27,0.0,10062.0,Yes,6,2.14,390197.0
1739.0,Downtown,3,4.0,85,0.0,12223.0,Yes,5,17.6,328898.0
1885.0,Suburb,2,1.0,10,3.0,7119.0,No,6,4.72,365312.0
2038.0,Suburb,5,1.0,35,2.0,2690.0,No,9,4.89,325622.0
3866.0,Rural,1,1.0,38,1.0,4067.0,No,8,30.15,541462.0
2353.0,Downtown,3,4.0,72,0.0,7273.0,No,1,7.74,324643.0
1340.0,Rural,3,2.0,43,1.0,9353.0,Yes,7,14.41,250734.0
2430.0,Suburb,3,2.0,87,2.0,2968.0,No,9,4.72,329452.0
1565.0,Suburb,4,2.0,66,3.0,5689.0,No,8,17.88,294819.0
1482.0,Suburb,4,4.0,63,3.0,6490.0,No,5,2.13,292810.0
2391.0,Rural,2,2.0,67,1.0,,No,4,0.2,255704.0
1820.0,Suburb,2,1.0,14,1.0,5141.0,No,7,13.33,385067.0
1981.0,Suburb,4,2.0,40,0.0,2090.0,No,7,2.36,316375.0
1809.0,Urban Fringe,1,2.0,52,0.0,7553.0,Yes,4,7.32,258194.0
2019.0,Suburb,3,3.0,18,1.0,8812.0,No,5,5.58,376050.0
2076.0,Suburb,3,4.0,10,2.0,5794.0,Yes,4,1.14,425343.0
541.0,Urban Fringe,1,1.0,12,0.0,7013.0,No,1,2.15,148181.0
2233.0,Suburb,1,4.0,71,1.0,4814.0,No,1,26.54,239418.0
1162.0,Downtown,3,1.0,59,2.0,3886.0,No,1,24.76,209261.0
863.0,Suburb,2,3.0,25,3.0,8566.0,Yes,5,5.51,215056.0
1762.0,Downtown,4,2.0,66,3.0,6969.0,Yes,6,2.72,382505.0
1855.0,Suburb,4,2.0,62,,7226.0,Yes,5,8.63,267867.0
1349.0,Rural,2,2.0,73,1.0,9755.0,Yes,10,15.0,234659.0
2340.0,Downtown,6,2.0,81,3.0,3363.0,Yes,3,23.67,365247.0
928.0,Urban Fringe,2,4.0,79,2.0,4620.0,No,4,1.92,201790.0
1535.0,Urban Fringe,1,4.0,16,1.0,6395.0,Yes,3,2.28,275207.0
1420.0,Rural,4,4.0,69,2.0,4589.0,No,3,0.66,262438.0
1770.0,Rural,4,2.0,35,0.0,7958.0,Yes,6,0.2,315148.0
1981.0,Rural,5,3.0,36,1.0,5532.0,No,4,2.75,317045.0
1145.0,Urban Fringe,3,2.0,58,1.0,3519.0,No,4,0.66,181009.0
2271.0,Suburb,1,4.0,54,3.0,6164.0,No,7,9.22,419074.0
1841.0,Downtown,1,3.0,37,0.0,6426.0,No,9,3.37,348685.0
570.0,Suburb,1,2.0,89,3.0,8337.0,No,3,1.91,175096.0
527.0,Suburb,1,2.0,15,1.0,6983.0,No,2,6.78,189868.0
1792.0,Downtown,5,2.0,8,0.0,7153.0,No,3,6.83,357431.0
1656.0,Rural,1,3.0,2,2.0,6801.0,Yes,6,2.47,326015.0
1733.0,Downtown,4,3.0,73,2.0,5529.0,Yes,10,8.06,302658.0
1782.0,Urban Fringe,2,2.0,36,0.0,4209.0,No,2,23.0,227930.0
1947.0,Suburb,1,4.0,39,0.0,6722.0,Yes,1,17.08,315825.0
2416.0,Downtown,2,4.0,58,,,Yes,6,0.6,443410.0
1078.0,Downtown,1,2.0,39,1.0,10225.0,No,10,3.57,284086.0
1038.0,Suburb,2,4.0,51,0.0,9355.0,Yes,6,10.82,246439.0
1089.0,Suburb,2,1.0,5,2.0,7582.0,No,10,14.61,227703.0
1988.0,Downtown,4,4.0,14,0.0,6946.0,No,7,2.42,420287.0
2609.0,Suburb,4,2.0,83,3.0,5780.0,No,1,13.97,265939.0
1520.0,Downtown,1,3.0,40,3.0,2847.0,No,5,6.55,335581.0
400.0,Suburb,1,2.0,15,2.0,5460.0,No,8,17.34,206133.0
692.0,Suburb,1,2.0,33,3.0,,No,6,6.68,197018.0
1259.0,Suburb,2,2.0,30,3.0,6574.0,No,2,17.64,235197.0
1437.0,Suburb,1,3.0,24,0.0,7174.0,Yes,2,1.31,254818.0
1535.0,Downtown,2,1.0,26,1.0,8303.0,No,7,29.29,309804.0
1825.0,Downtown,4,4.0,65,3.0,4270.0,No,5,0.5,328552.0
1597.0,Suburb,2,4.0,9,1.0,4292.0,Yes,6,12.61,336281.0
2482.0,Urban Fringe,2,3.0,27,2.0,9627.0,Yes,4,0.89,332037.0
1361.0,Urban Fringe,3,3.0,42,3.0,7927.0,No,4,19.11,206552.0
1239.0,Urban Fringe,3,3.0,48,3.0,5023.0,Yes,7,0.89,278383.0
2111.0,Suburb,2,1.0,79,1.0,5732.0,No,1,7.63,251236.0
802.0,Suburb,2,3.0,83,1.0,5743.0,Yes,5,5.4,201829.0
2053.0,Suburb,3,1.0,26,0.0,6079.0,Yes,4,2.04,306811.0
1867.0,Urban Fringe,1,3.0,48,1.0,7182.0,No,8,16.67,356555.0
1704.0,Urban Fringe,3,2.0,2,1.0,12337.0,Yes,8,5.19,356367.0
2832.0,Urban Fringe,6,3.0,55,1.0,6474.0,Yes,5,7.52,424836.0
1396.0,Urban Fringe,3,4.0,13,1.0,7656.0,No,3,2.66,276989.0
3139.0,Suburb,1,1.0,6,3.0,1784.0,Yes,3,22.24,443534.0
1653.0,Urban Fringe,4,3.0,60,3.0,4788.0,Yes,3,8.35,293083.0
970.0,Urban Fringe,1,2.0,16,2.0,9072.0,No,3,4.45,215538.0
1845.0,Suburb,2,2.0,42,0.0,7006.0,No,8,8.37,337750.0
1100.0,Urban Fringe,1,3.0,9,1.0,1000.0,No,1,10.6,148758.0
1311.0,Downtown,3,4.0,67,2.0,7685.0,Yes,1,1.88,242227.0
2058.0,Urban Fringe,5,1.0,68,0.0,10795.0,Yes,6,12.21,318705.0
2161.0,Urban Fringe,4,4.0,51,1.0,1010.0,No,3,1.84,310522.0
1396.0,Downtown,3,4.0,75,2.0,9798.0,No,9,8.27,354416.0
2442.0,Rural,4,3.0,39,3.0,1000.0,Yes,8,1.79,382760.0
2552.0,Downtown,4,3.0,16,3.0,8345.0,No,8,1.67,498358.0
2734.0,Urban Fringe,4,2.0,13,1.0,,Yes,5,6.01,367632.0
2144.0,Urban Fringe,6,1.0,19,1.0,1000.0,No,5,2.72,333169.0
2686.0,Rural,5,3.0,18,1.0,7115.0,No,5,0.23,345307.0
577.0,Urban Fringe,1,4.0,29,2.0,8877.0,No,2,13.03,170095.0
1593.0,Downtown,3,1.0,19,1.0,,No,6,37.7,253681.0
1236.0,Suburb,3,3.0,53,1.0,7462.0,Yes,9,10.08,301738.0
1877.0,Suburb,3,3.0,13,0.0,4971.0,No,3,21.64,253439.0
1429.0,Downtown,2,4.0,55,1.0,1347.0,Yes,1,11.09,258001.0
1692.0,Suburb,4,2.0,30,,7730.0,No,6,38.92,302071.0
3023.0,Suburb,4,2.0,61,2.0,10374.0,No,4,4.61,426536.0
1690.0,Suburb,4,2.0,46,3.0,8824.0,Yes,8,6.18,304104.0
2069.0,Suburb,3,4.0,81,3.0,1030.0,Yes,9,3.78,349171.0
1649.0,Urban Fringe,1,4.0,39,1.0,2213.0,Yes,10,27.93,269114.0
1849.0,Suburb,3,2.0,26,3.0,3885.0,Yes,4,5.63,276429.0
1804.0,Urban Fringe,3,4.0,53,3.0,2018.0,Yes,10,18.25,347355.0
2091.0,Suburb,5,3.0,59,1.0,6110.0,No,2,0.95,333878.0
2557.0,Suburb,2,2.0,39,3.0,6984.0,Yes,4,2.52,399862.0
2871.0,Suburb,1,1.0,50,1.0,2424.0,No,3,7.09,370769.0
2001.0,Suburb,3,3.0,42,3.0,7943.0,No,10,3.51,385977.0
2183.0,Suburb,6,3.0,27,1.0,7503.0,No,7,2.62,386128.0
1052.0,Suburb,3,4.0,28,1.0,,Yes,4,3.92,234290.0
1743.0,Downtown,3,3.0,81,0.0,5569.0,No,2,1.87,277186.0
2411.0,Suburb,5,1.0,60,3.0,1125.0,No,8,15.14,325552.0
2363.0,Suburb,4,3.0,8,1.0,5169.0,No,7,3.02,378120.0
1938.0,Suburb,2,3.0,86,3.0,6018.0,No,9,8.2,335615.0
2376.0,Urban Fringe,6,2.0,64,0.0,6422.0,No,5,1.31,344316.0
2119.0,Suburb,4,2.0,4,2.0,6947.0,Yes,2,14.06,431464.0
2580.0,Urban Fringe,1,4.0,65,1.0,6611.0,No,4,2.69,306546.0
1988.0,Urban Fringe,3,3.0,53,1.0,5339.0,Yes,7,3.98,333883.0
1569.0,Urban Fringe,4,3.0,82,0.0,6715.0,No,3,13.98,195691.0
2018.0,Urban Fringe,3,2.0,44,0.0,8505.0,Yes,1,2.19,277836.0
400.0,Downtown,1,2.0,46,1.0,5761.0,Yes,9,14.64,219422.0
2049.0,Suburb,4,3.0,28,1.0,6794.0,Yes,6,2.59,394859.0
400.0,Downtown,1,4.0,28,,5535.0,Yes,4,3.47,222819.0
680.0,Urban Fringe,1,3.0,55,1.0,4383.0,No,6,18.08,161384.0
2094.0,Suburb,1,3.0,74,0.0,7307.0,Yes,8,1.1,333943.0
2110.0,Suburb,4,1.0,80,1.0,4612.0,No,1,3.72,229286.0
1044.0,Urban Fringe,2,4.0,69,2.0,6965.0,Yes,5,3.44,220685.0
1337.0,Downtown,1,1.0,54,1.0,6071.0,No,3,8.25,235078.0
2691.0,Suburb,5,4.0,45,3.0,5240.0,Yes,1,6.38,400656.0
1485.0,Rural,1,2.0,30,1.0,5180.0,Yes,1,6.45,218014.0
3258.0,Downtown,3,4.0,69,2.0,4730.0,Yes,5,7.61,479687.0
1799.0,Suburb,2,4.0,28,0.0,1885.0,No,6,9.64,303321.0
2065.0,Urban Fringe,1,4.0,24,0.0,6957.0,No,6,28.58,264481.0
2851.0,Downtown,5,4.0,78,3.0,6579.0,No,8,12.47,493983.0
1885.0,Suburb,2,3.0,53,1.0,8124.0,Yes,5,2.97,304780.0
1148.0,Suburb,2,4.0,31,1.0,4671.0,Yes,6,1.8,292493.0
1729.0,Rural,4,1.0,77,2.0,10738.0,Yes,9,4.85,331670.0
1777.0,Downtown,5,,86,0.0,5051.0,Yes,7,8.1,325911.0
913.0,Urban Fringe,1,3.0,28,2.0,3812.0,No,10,9.95,227012.0
1634.0,Urban Fringe,2,4.0,46,1.0,3516.0,Yes,3,5.38,270905.0
1318.0,Downtown,3,4.0,43,0.0,1665.0,No,8,5.79,324873.0
2401.0,Suburb,5,3.0,63,1.0,9832.0,No,7,3.99,383138.0
1822.0,Suburb,5,3.0,85,1.0,9428.0,Yes,6,3.62,313834.0
1616.0,Rural,4,3.0,49,0.0,7502.0,Yes,1,8.37,246089.0
1731.0,Suburb,1,4.0,71,2.0,3760.0,Yes,6,4.13,317811.0
1945.0,Downtown,5,4.0,53,2.0,10528.0,Yes,9,5.7,423613.0
2201.0,Downtown,1,1.0,79,1.0,5121.0,Yes,7,15.74,300272.0
1150.0,Urban Fringe,1,3.0,36,3.0,5327.0,No,1,25.38,192503.0
1123.0,Suburb,3,2.0,34,2.0,9593.0,Yes,3,0.2,236308.0
2518.0,Urban Fringe,4,4.0,38,3.0,7647.0,No,6,6.51,410164.0
1532.0,Suburb,1,3.0,89,0.0,11503.0,No,9,2.64,292687.0
879.0,Urban Fringe,2,4.0,55,3.0,6622.0,No,5,9.41,176904.0
2088.0,Downtown,4,2.0,13,1.0,5007.0,No,9,0.53,422576.0
2101.0,Downtown,2,3.0,3,2.0,4470.0,Yes,8,6.66,440608.0
805.0,Urban Fringe,2,1.0,46,3.0,1383.0,Yes,3,1.63,186000.0
1949.0,Urban Fringe,3,4.0,72,1.0,5304.0,Yes,2,6.42,290684.0
2278.0,Suburb,4,1.0,43,1.0,8861.0,No,10,0.48,335064.0
2043.0,Suburb,3,2.0,50,0.0,7497.0,No,6,4.4,362316.0
2211.0,Suburb,3,4.0,71,2.0,6051.0,Yes,9,0.38,408668.0
887.0,Suburb,2,4.0,46,3.0,3513.0,Yes,10,5.33,258918.0
2015.0,Downtown,5,2.0,81,1.0,6567.0,Yes,5,19.87,323788.0
1603.0,Urban Fringe,4,2.0,57,0.0,8532.0,Yes,1,1.97,254172.0
1486.0,Suburb,4,1.0,65,1.0,7077.0,No,10,2.3,318158.0
2366.0,Rural,4,4.0,70,1.0,6417.0,Yes,6,9.12,330088.0
2762.0,Downtown,2,1.0,56,3.0,4008.0,Yes,2,18.8,411635.0
2966.0,Downtown,6,1.0,4,0.0,,Yes,6,9.22,428190.0
2655.0,Rural,4,2.0,38,1.0,1000.0,Yes,1,12.15,280439.0
1729.0,Suburb,4,1.0,12,2.0,6957.0,Yes,3,0.44,259738.0
2029.0,Rural,5,1.0,45,0.0,12426.0,No,4,3.71,264668.0
2298.0,Downtown,6,3.0,12,3.0,2229.0,Yes,5,2.55,487640.0
1879.0,Urban Fringe,5,3.0,45,3.0,5397.0,No,6,0.25,392030.0
1885.0,Rural,5,2.0,30,1.0,5980.0,Yes,9,11.64,338108.0
2335.0,Urban Fringe,3,4.0,1,2.0,4844.0,Yes,4,10.86,360571.0
1761.0,Downtown,5,3.0,11,3.0,8591.0,Yes,8,0.49,420922.0
1326.0,Suburb,2,1.0,45,2.0,7181.0,Yes,10,21.9,296009.0
1531.0,Suburb,4,3.0,7,0.0,6381.0,Yes,8,2.88,306142.0
2212.0,Suburb,1,3.0,77,0.0,7993.0,Yes,3,9.03,290747.0
1802.0,Suburb,5,4.0,68,1.0,6042.0,No,7,6.7,369457.0
2021.0,Downtown,2,1.0,63,0.0,13950.0,No,3,9.69,291358.0
2236.0,Suburb,4,1.0,15,1.0,6378.0,No,5,0.7,335685.0
1556.0,Suburb,1,2.0,71,2.0,6488.0,Yes,7,6.97,282593.0
2292.0,Suburb,1,2.0,57,2.0,,No,3,3.25,315347.0
2046.0,Downtown,5,4.0,35,0.0,4641.0,No,1,0.6,336560.0
997.0,Suburb,2,3.0,0,0.0,8868.0,Yes,9,1.26,302128.0
2737.0,Rural,2,3.0,47,0.0,2661.0,Yes,8,5.51,399667.0
1475.0,Suburb,1,3.0,71,1.0,1000.0,Yes,2,4.55,272863.0
724.0,Suburb,2,4.0,3,3.0,6081.0,No,4,5.01,230753.0
1121.0,Suburb,3,2.0,4,1.0,9427.0,Yes,3,2.82,260130.0
1136.0,Urban Fringe,2,1.0,34,1.0,6106.0,Yes,10,7.85,298799.0
1834.0,Suburb,4,1.0,46,2.0,5160.0,No,10,0.59,333104.0
1622.0,Suburb,2,2.0,42,0.0,1354.0,Yes,7,2.35,260277.0
1581.0,Urban Fringe,4,3.0,38,0.0,7131.0,No,5,8.07,285388.0
2203.0,Suburb,3,2.0,22,0.0,7653.0,No,1,21.77,330809.0
2021.0,Urban Fringe,1,2.0,5,2.0,1546.0,No,3,4.46,306302.0
2005.0,Urban Fringe,2,2.0,2,1.0,8836.0,No,1,4.18,293832.0
2066.0,Downtown,4,4.0,8,2.0,7914.0,Yes,8,1.61,411512.0
2200.0,Suburb,5,4.0,62,2.0,8831.0,No,1,14.5,324050.0
430.0,Rural,1,1.0,70,1.0,7459.0,No,7,5.26,137566.0
1563.0,Urban Fringe,4,1.0,39,3.0,7634.0,No,10,7.67,287686.0
400.0,Suburb,1,1.0,6,3.0,7302.0,Yes,4,1.78,181442.0
1823.0,Downtown,5,4.0,37,0.0,8171.0,Yes,7,5.17,388357.0
1797.0,Suburb,5,2.0,88,3.0,1453.0,Yes,9,2.31,316530.0
2480.0,Downtown,1,4.0,22,0.0,2247.0,Yes,5,14.76,414553.0
2572.0,Urban Fringe,1,3.0,44,0.0,4160.0,No,5,4.45,363228.0
1932.0,Suburb,5,3.0,48,2.0,5675.0,No,3,8.29,326548.0
1475.0,Rural,2,2.0,29,0.0,6970.0,No,5,10.67,204158.0
2115.0,Urban Fringe,1,2.0,39,1.0,6812.0,No,9,0.2,300180.0
1457.0,Rural,3,1.0,42,0.0,8793.0,Yes,7,3.76,260983.0
1799.0,Rural,5,3.0,42,1.0,8871.0,Yes,3,4.37,274536.0
2441.0,Urban Fringe,5,2.0,64,3.0,3819.0,Yes,6,8.11,429756.0
1437.0,Urban Fringe,4,2.0,52,3.0,6596.0,Yes,8,2.13,349788.0
2324.0,Urban Fringe,2,1.0,4,0.0,3880.0,Yes,1,3.72,374167.0
2240.0,Downtown,3,4.0,0,2.0,,Yes,8,5.59,430805.0
1179.0,Suburb,3,4.0,36,1.0,6804.0,Yes,3,6.92,269649.0
2433.0,Suburb,1,2.0,81,1.0,1000.0,No,3,17.06,315335.0
2254.0,Urban Fringe,4,3.0,3,2.0,12028.0,Yes,5,4.23,421409.0
1866.0,Rural,1,4.0,6,3.0,7416.0,Yes,6,1.03,324815.0
1304.0,Suburb,2,3.0,61,1.0,4511.0,Yes,10,14.15,317213.0
1242.0,Downtown,2,3.0,40,0.0,10818.0,No,3,2.31,277221.0
1451.0,Suburb,4,2.0,20,3.0,5131.0,No,3,15.17,270005.0
2153.0,Rural,6,3.0,18,3.0,6331.0,Yes,4,2.34,310516.0
1179.0,Suburb,1,3.0,59,1.0,4782.0,Yes,9,0.2,290214.0
2084.0,Downtown,5,3.0,47,2.0,10130.0,No,10,5.63,428882.0
993.0,Urban Fringe,2,3.0,57,3.0,5738.0,No,5,22.39,209227.0
1667.0,Urban Fringe,4,3.0,25,2.0,6374.0,No,7,3.99,329504.0
1871.0,Downtown,5,1.0,47,1.0,9009.0,Yes,10,1.64,411118.0
3389.0,Suburb,1,4.0,77,3.0,7463.0,No,9,1.5,486386.0
905.0,Urban Fringe,2,4.0,28,3.0,5864.0,No,7,13.91,256591.0
2757.0,Rural,4,1.0,35,2.0,8776.0,Yes,6,8.43,378612.0
1897.0,Rural,1,2.0,14,0.0,12346.0,No,10,4.32,290242.0
2067.0,Suburb,2,4.0,57,1.0,6794.0,Yes,3,0.5,346248.0
1877.0,Suburb,5,2.0,2,2.0,6292.0,No,4,6.86,315027.0
2089.0,Downtown,4,4.0,22,1.0,6427.0,Yes,8,13.73,390115.0
1700.0,Rural,3,4.0,64,,9276.0,Yes,1,0.64,229462.0
2745.0,Downtown,2,4.0,1,2.0,4502.0,No,6,2.47,481528.0
1503.0,Downtown,4,1.0,89,0.0,5304.0,No,9,6.9,301475.0
2536.0,Rural,2,2.0,36,2.0,2156.0,Yes,2,16.2,236423.0
1381.0,Urban Fringe,1,3.0,35,2.0,3040.0,No,9,36.74,244224.0
1761.0,Urban Fringe,4,4.0,48,0.0,4705.0,Yes,5,14.71,331010.0
1103.0,Suburb,3,1.0,57,2.0,5860.0,Yes,9,7.64,255553.0
2096.0,Suburb,2,2.0,41,2.0,10423.0,No,7,3.14,351414.0
2739.0,Suburb,2,1.0,79,0.0,7340.0,Yes,2,2.31,376194.0
1750.0,Suburb,3,4.0,86,2.0,3720.0,Yes,8,0.2,351637.0
1672.0,Suburb,2,4.0,18,1.0,4180.0,No,1,4.44,301568.0
1075.0,Suburb,3,1.0,63,1.0,9437.0,Yes,3,9.86,151748.0
1651.0,Suburb,2,1.0,27,2.0,8817.0,Yes,9,4.23,380784.0
765.0,Urban Fringe,1,2.0,89,0.0,6070.0,Yes,9,11.85,198446.0
1207.0,Urban Fringe,2,4.0,22,0.0,4894.0,No,1,19.64,253462.0
1947.0,Downtown,5,2.0,26,1.0,8812.0,Yes,4,2.96,359814.0
2657.0,Suburb,6,,64,3.0,3517.0,Yes,1,5.72,310659.0
3626.0,Downtown,4,2.0,71,0.0,6980.0,No,3,4.27,479729.0
1419.0,Suburb,3,3.0,11,3.0,11682.0,Yes,10,3.14,362199.0
2733.0,Suburb,5,2.0,50,0.0,6513.0,Yes,2,16.35,390884.0
1958.0,Downtown,2,1.0,31,1.0,4061.0,No,7,3.88,384639.0
1702.0,Urban Fringe,4,4.0,55,1.0,7026.0,No,9,2.57,331848.0
2081.0,Suburb,5,2.0,50,1.0,4825.0,Yes,9,27.15,350979.0
1840.0,Urban Fringe,5,2.0,88,0.0,2515.0,No,4,12.81,264371.0
1872.0,Downtown,2,3.0,84,3.0,7753.0,No,7,0.35,349967.0
1535.0,Downtown,4,3.0,58,1.0,8795.0,Yes,5,1.39,329268.0
891.0,Suburb,2,1.0,61,3.0,5223.0,No,2,0.59,194893.0
797.0,Downtown,2,1.0,80,2.0,5057.0,No,3,0.2,217310.0
2225.0,Suburb,2,1.0,16,2.0,3596.0,No,8,60.0,347788.0
1620.0,Urban Fringe,4,4.0,65,1.0,5625.0,No,7,12.44,287630.0
1413.0,Suburb,4,3.0,69,2.0,4594.0,No,6,6.44,222730.0
1806.0,Downtown,2,4.0,11,3.0,3472.0,No,8,14.42,382261.0
2317.0,Suburb,5,3.0,79,3.0,10730.0,No,7,4.25,364800.0
1917.0,Suburb,1,2.0,62,3.0,7166.0,No,4,40.63,256667.0
1374.0,Suburb,3,3.0,31,0.0,7431.0,No,3,4.18,241136.0
2597.0,Suburb,4,3.0,43,2.0,8208.0,No,10,4.85,442078.0
2826.0,Urban Fringe,2,2.0,44,1.0,7928.0,No,10,7.77,386751.0
2121.0,Downtown,1,4.0,82,3.0,4967.0,Yes,1,18.16,286379.0
2433.0,Suburb,5,4.0,87,3.0,6681.0,Yes,8,0.74,456788.0
2607.0,Rural,2,4.0,72,3.0,5327.0,No,2,5.73,287768.0
2535.0,Urban Fringe,3,4.0,58,0.0,,Yes,9,9.77,406254.0
2199.0,Suburb,1,2.0,9,1.0,6854.0,No,6,0.31,387001.0
2189.0,Suburb,6,1.0,82,2.0,,No,7,3.3,372463.0
2138.0,Downtown,4,2.0,12,2.0,2677.0,No,8,7.74,433567.0
1087.0,Downtown,3,3.0,15,1.0,6366.0,Yes,7,12.79,320277.0
2255.0,Downtown,1,4.0,6,0.0,5489.0,No,3,20.91,388431.0
919.0,Rural,2,2.0,85,0.0,1274.0,Yes,9,3.57,210217.0
1284.0,Suburb,3,2.0,44,2.0,7269.0,Yes,6,12.7,280808.0
2647.0,Rural,4,2.0,21,1.0,8413.0,Yes,6,36.86,299299.0
2346.0,Downtown,5,4.0,7,1.0,12321.0,Yes,4,13.49,429723.0
2767.0,Urban Fringe,6,1.0,37,3.0,5022.0,Yes,1,10.33,396538.0
1623.0,Urban Fringe,4,2.0,65,0.0,4653.0,No,6,0.76,253320.0
1051.0,Downtown,1,,89,3.0,3226.0,No,4,11.23,239948.0
1644.0,Downtown,2,4.0,49,1.0,6522.0,Yes,7,0.2,361309.0
1866.0,Downtown,5,2.0,54,3.0,6506.0,Yes,4,0.2,367999.0
1851.0,Urban Fringe,4,1.0,75,3.0,3972.0,Yes,10,11.33,356289.0
2537.0,Suburb,6,2.0,81,2.0,5563.0,No,7,0.29,386037.0
1565.0,Suburb,4,1.0,25,1.0,1053.0,No,5,2.56,279760.0
2029.0,Suburb,1,2.0,89,0.0,8316.0,Yes,8,15.34,337678.0
1157.0,Urban Fringe,3,4.0,46,0.0,4073.0,Yes,7,0.37,235448.0
2093.0,Suburb,5,3.0,83,3.0,5913.0,Yes,7,1.11,360494.0
1802.0,Suburb,4,4.0,10,0.0,2433.0,No,6,6.31,358267.0
1313.0,Urban Fringe,1,3.0,8,1.0,4544.0,Yes,10,32.46,285594.0
1647.0,Downtown,2,4.0,79,1.0,5301.0,Yes,4,9.05,347474.0
1680.0,Urban Fringe,4,2.0,60,2.0,5972.0,Yes,5,23.57,232934.0
1624.0,Downtown,4,4.0,15,3.0,7199.0,Yes,3,22.88,306539.0
2951.0,Suburb,5,1.0,80,2.0,9598.0,Yes,6,40.06,420814.0
1736.0,Urban Fringe,1,2.0,9,3.0,7832.0,Yes,10,15.85,369349.0
1641.0,Rural,4,3.0,61,2.0,8405.0,No,7,9.57,272867.0
437.0,Rural,1,2.0,18,1.0,9615.0,Yes,3,1.24,149357.0
1219.0,Suburb,3,2.0,6,0.0,7424.0,Yes,10,9.91,329129.0
1629.0,Suburb,4,1.0,72,,5908.0,No,8,6.54,262894.0
1354.0,Suburb,3,1.0,76,1.0,8523.0,Yes,5,7.11,229543.0
2698.0,Suburb,2,3.0,9,0.0,8683.0,No,2,6.74,386768.0
1693.0,Suburb,2,4.0,8,1.0,7621.0,No,5,13.43,339708.0
2637.0,Suburb,5,1.0,55,1.0,2363.0,Yes,9,16.71,364336.0
1840.0,Suburb,1,2.0,2,1.0,3896.0,No,6,0.2,316802.0
1824.0,Suburb,1,4.0,67,3.0,5313.0,No,2,3.72,272276.0
1742.0,Suburb,3,4.0,82,3.0,7949.0,No,2,7.66,287824.0
1802.0,Downtown,5,1.0,67,2.0,5947.0,Yes,10,13.21,376305.0
2917.0,Urban Fringe,4,3.0,20,0.0,,Yes,5,7.52,413010.0
400.0,Rural,1,1.0,17,1.0,9288.0,Yes,7,27.5,159812.0
499.0,Downtown,1,1.0,61,2.0,8998.0,No,4,10.53,169550.0
1447.0,Rural,1,1.0,5,2.0,9014.0,No,1,2.17,204206.0
1809.0,Urban Fringe,2,3.0,48,1.0,3408.0,Yes,5,12.58,246000.0
2249.0,Suburb,1,1.0,40,1.0,7207.0,Yes,7,8.31,330128.0
2108.0,Downtown,5,2.0,67,1.0,4481.0,Yes,4,4.5,378114.0
1550.0,Downtown,4,1.0,18,2.0,1877.0,Yes,7,1.16,357758.0
2462.0,Downtown,2,2.0,68,0.0,5281.0,No,5,0.75,393935.0
2470.0,Urban Fringe,2,3.0,62,2.0,9312.0,Yes,4,1.52,380168.0
1920.0,Urban Fringe,2,2.0,21,0.0,7152.0,No,3,4.14,343478.0
2426.0,Downtown,6,2.0,32,2.0,11045.0,No,3,9.27,389837.0
1977.0,Rural,3,3.0,5,3.0,6443.0,No,3,15.12,251086.0
1435.0,Downtown,4,3.0,40,2.0,12120.0,No,8,1.4,339062.0
2254.0,Suburb,3,1.0,23,1.0,6444.0,Yes,4,0.54,332039.0
1872.0,Urban Fringe,5,4.0,10,3.0,6056.0,No,8,2.54,354094.0
1801.0,Suburb,4,4.0,50,2.0,2802.0,No,4,11.82,305595.0
2757.0,Downtown,2,3.0,51,1.0,8776.0,Yes,4,1.17,479780.0
400.0,Suburb,1,3.0,7,0.0,4745.0,Yes,10,11.13,247975.0
879.0,Urban Fringe,2,3.0,16,0.0,4382.0,Yes,9,10.95,259588.0
1028.0,Suburb,2,2.0,7,0.0,9203.0,Yes,5,13.1,290072.0
1564.0,Downtown,4,2.0,61,0.0,8896.0,Yes,3,3.06,297612.0
1635.0,Downtown,2,2.0,30,2.0,8830.0,Yes,8,4.15,328572.0
820.0,Suburb,1,1.0,6,2.0,5095.0,No,1,7.64,191980.0
1160.0,Suburb,3,4.0,17,,,Yes,5,51.56,211741.0
1240.0,Urban Fringe,2,2.0,87,2.0,5850.0,Yes,6,3.4,214210.0
3397.0,Urban Fringe,3,2.0,23,3.0,7956.0,Yes,7,7.54,511658.0
2971.0,Urban Fringe,2,4.0,61,2.0,9884.0,Yes,2,21.98,381996.0
1532.0,Urban Fringe,3,3.0,42,1.0,6920.0,No,1,5.56,234528.0
1564.0,Suburb,3,3.0,16,2.0,10937.0,Yes,3,5.1,282808.0
1053.0,Suburb,3,1.0,27,1.0,8243.0,Yes,2,3.27,221156.0
560.0,Suburb,1,2.0,1,1.0,5413.0,Yes,6,7.3,226529.0
1724.0,Suburb,4,3.0,67,1.0,8072.0,Yes,10,2.1,356313.0
1151.0,Urban Fringe,3,2.0,30,2.0,10265.0,No,3,5.04,212785.0
1745.0,Rural,1,1.0,44,1.0,10996.0,No,5,3.66,217586.0
760.0,Urban Fringe,2,4.0,13,2.0,8967.0,Yes,3,12.23,202633.0
1305.0,Suburb,2,2.0,74,3.0,6064.0,No,1,5.74,213754.0
1897.0,Suburb,2,3.0,19,1.0,5458.0,Yes,8,2.53,372833.0
2038.0,Suburb,3,2.0,50,1.0,7440.0,No,3,7.48,279588.0
2071.0,Downtown,1,3.0,78,1.0,10185.0,No,6,5.03,292568.0
942.0,Suburb,2,4.0,64,3.0,7084.0,Yes,7,3.1,269790.0
2356.0,Suburb,2,4.0,54,0.0,7136.0,No,9,0.86,365853.0
1280.0,Downtown,3,1.0,79,3.0,6128.0,No,2,8.27,253513.0
2211.0,Urban Fringe,6,3.0,15,1.0,,Yes,6,17.58,353922.0
1793.0,Downtown,1,4.0,86,3.0,5595.0,No,10,1.34,345113.0
905.0,Downtown,2,3.0,50,3.0,6339.0,No,5,3.57,263655.0
1594.0,Urban Fringe,4,1.0,36,3.0,10295.0,Yes,1,7.39,322486.0
2037.0,Downtown,3,1.0,23,3.0,5401.0,No,3,1.2,375362.0
2198.0,Urban Fringe,3,1.0,67,0.0,6132.0,No,8,0.8,331760.0
1708.0,Rural,4,1.0,87,2.0,3837.0,Yes,8,0.27,279818.0
2796.0,Downtown,3,4.0,62,0.0,7792.0,Yes,4,0.2,383300.0
2455.0,Rural,1,4.0,2,1.0,9417.0,No,2,0.55,305837.0
1633.0,Rural,3,3.0,42,0.0,10061.0,No,3,2.55,184440.0
2288.0,Urban Fringe,2,3.0,65,2.0,6508.0,Yes,3,10.63,373283.0
3057.0,Urban Fringe,3,4.0,35,2.0,7436.0,Yes,8,10.81,525478.0
3074.0,Rural,2,2.0,69,2.0,5616.0,Yes,9,5.3,429539.0
1002.0,Suburb,1,2.0,63,0.0,7320.0,No,1,12.78,160346.0
1198.0,Suburb,3,3.0,6,1.0,6785.0,No,8,5.61,264898.0
2765.0,Rural,1,2.0,50,2.0,6146.0,Yes,8,0.61,379665.0
1112.0,Urban Fringe,3,1.0,15,3.0,6344.0,No,7,4.08,294629.0
